year,month,day,hour,min,sec,ms,anchor,distance,dirX,dirY,dirZ
2021,12,30,01,26,44,4730,ANCHOR_6, nil, nil, nil, nil
2021,12,30,01,26,44,6520,ANCHOR_6, nil, nil, nil, nil
2021,12,30,01,26,44,8520,ANCHOR_6, 1.7331002, nil, nil, nil
2021,12,30,01,26,45,0520,ANCHOR_6, 1.4240142, nil, nil, nil
2021,12,30,01,26,45,2520,ANCHOR_6, 1.564317, nil, nil, nil
2021,12,30,01,26,45,4520,ANCHOR_6, 1.6299716, nil, nil, nil
2021,12,30,01,26,45,6520,ANCHOR_6, 1.428511, nil, nil, nil
2021,12,30,01,26,45,6520,ANCHOR_8, nil, nil, nil, nil
2021,12,30,01,26,45,8520,ANCHOR_6, 1.4051273, nil, nil, nil
2021,12,30,01,26,45,8520,ANCHOR_8, nil, nil, nil, nil
2021,12,30,01,26,46,0520,ANCHOR_6, 1.5316397, nil, nil, nil
2021,12,30,01,26,46,0520,ANCHOR_8, nil, nil, nil, nil
2021,12,30,01,26,46,2520,ANCHOR_6, 1.4566915, -0.77372193, 0.12511285, -0.62104845
2021,12,30,01,26,46,2520,ANCHOR_8, nil, nil, nil, nil
2021,12,30,01,26,46,4520,ANCHOR_6, 1.4426013, -0.77372193, 0.12511285, -0.62104845
2021,12,30,01,26,46,4520,ANCHOR_8, nil, nil, nil, nil
2021,12,30,01,26,46,6520,ANCHOR_6, 1.4240142, -0.8000759, 0.12797995, -0.5860884
2021,12,30,01,26,46,6520,ANCHOR_8, nil, nil, nil, nil
2021,12,30,01,26,46,8520,ANCHOR_6, 1.4614882, -0.7994775, 0.15877925, -0.5793314
2021,12,30,01,26,46,8520,ANCHOR_8, 5.030817, nil, nil, nil
2021,12,30,01,26,47,0520,ANCHOR_6, 1.4051273, -0.8068076, 0.15158904, -0.57103616
2021,12,30,01,26,47,0520,ANCHOR_8, 4.979253, nil, nil, nil
2021,12,30,01,26,47,2520,ANCHOR_6, 1.4941657, -0.8068076, 0.15158904, -0.57103616
2021,12,30,01,26,47,2520,ANCHOR_8, 4.951072, nil, nil, nil
2021,12,30,01,26,47,4520,ANCHOR_6, 1.4051273, -0.81389326, 0.09679239, -0.5728953
2021,12,30,01,26,47,4520,ANCHOR_8, 4.904305, nil, nil, nil
2021,12,30,01,26,47,6520,ANCHOR_6, 1.3628565, -0.81389326, 0.09679239, -0.5728953
2021,12,30,01,26,47,6520,ANCHOR_8, 5.016727, nil, nil, nil
2021,12,30,01,26,47,8520,ANCHOR_6, 1.3583596, -0.81389326, 0.09679239, -0.5728953
2021,12,30,01,26,47,8520,ANCHOR_8, 4.99784, nil, nil, nil
2021,12,30,01,26,47,8520,ANCHOR_0, nil, nil, nil, nil
2021,12,30,01,26,48,0520,ANCHOR_6, 1.349066, -0.81806815, 0.071835786, -0.5706174
2021,12,30,01,26,48,0520,ANCHOR_8, 4.82456, nil, nil, nil
2021,12,30,01,26,48,0520,ANCHOR_0, nil, nil, nil, nil
2021,12,30,01,26,48,2520,ANCHOR_6, 1.4051273, -0.81806815, 0.071835786, -0.5706174
2021,12,30,01,26,48,2520,ANCHOR_8, 4.735522, nil, nil, nil
2021,12,30,01,26,48,2520,ANCHOR_0, nil, nil, nil, nil
2021,12,30,01,26,48,4520,ANCHOR_6, 1.4099239, -0.81806815, 0.071835786, -0.5706174
2021,12,30,01,26,48,4520,ANCHOR_8, 4.684257, -0.8165526, 0.018103411, -0.5769871
2021,12,30,01,26,48,4520,ANCHOR_0, nil, nil, nil, nil
2021,12,30,01,26,48,6520,ANCHOR_6, 1.3817434, -0.81806815, 0.071835786, -0.5706174
2021,12,30,01,26,48,6520,ANCHOR_8, 4.576332, -0.78839123, -0.009003638, -0.6151083
2021,12,30,01,26,48,6520,ANCHOR_0, nil, nil, nil, nil
2021,12,30,01,26,48,8520,ANCHOR_6, 1.5502268, -0.81806815, 0.071835786, -0.5706174
2021,12,30,01,26,48,8520,ANCHOR_8, 4.6653705, -0.7861781, -0.011060893, -0.61790097
2021,12,30,01,26,48,8520,ANCHOR_0, nil, nil, nil, nil
2021,12,30,01,26,49,0520,ANCHOR_6, 1.4051273, -0.7883749, 0.15303914, -0.5958557
2021,12,30,01,26,49,0520,ANCHOR_8, 4.604512, -0.7876368, 0.042020887, -0.61470526
2021,12,30,01,26,49,0520,ANCHOR_0, 4.515474, nil, nil, nil
2021,12,30,01,26,49,2510,ANCHOR_6, 1.3724499, -0.7855911, 0.14827543, -0.60071707
2021,12,30,01,26,49,2510,ANCHOR_8, 4.6935506, -0.8189944, 0.04215589, -0.57225084
2021,12,30,01,26,49,2510,ANCHOR_0, 4.4594126, 0.15422961, 0.38225755, -0.91109407
2021,12,30,01,26,49,4520,ANCHOR_6, 1.2459375, -0.7931468, 0.104990646, -0.5999126
2021,12,30,01,26,49,4520,ANCHOR_8, 4.609309, -0.6315634, 0.09306121, -0.76971895
2021,12,30,01,26,49,4520,ANCHOR_0, 4.337397, 0.16482468, 0.33459, -0.92783743
2021,12,30,01,26,49,6520,ANCHOR_6, 1.5502268, -0.7958996, 0.052705646, -0.60313004
2021,12,30,01,26,49,6520,ANCHOR_8, 4.538858, -0.6696366, 0.075575046, -0.7388337
2021,12,30,01,26,49,6520,ANCHOR_0, 4.3514876, 0.1795489, 0.3523578, -0.91848034
2021,12,30,01,26,49,8520,ANCHOR_6, 1.4848721, -0.7571727, 0.034134295, -0.6523223
2021,12,30,01,26,49,8520,ANCHOR_8, 4.4453225, -0.64382267, 0.1126057, -0.7568437
2021,12,30,01,26,49,8520,ANCHOR_0, 4.4498196, 0.1795489, 0.3523578, -0.91848034
2021,12,30,01,26,50,0520,ANCHOR_6, 1.4659852, -0.7442105, 0.26419488, -0.6134752
2021,12,30,01,26,50,0520,ANCHOR_2, nil, nil, nil, nil
2021,12,30,01,26,50,0520,ANCHOR_0, 4.187501, 0.1795489, 0.3523578, -0.91848034
2021,12,30,01,26,50,0520,ANCHOR_8, 4.417142, -0.6517581, 0.20982505, -0.72882426
2021,12,30,01,26,50,2520,ANCHOR_6, 1.7238066, -0.7442105, 0.26419488, -0.6134752
2021,12,30,01,26,50,2520,ANCHOR_2, nil, nil, nil, nil
2021,12,30,01,26,50,2520,ANCHOR_0, 4.1782074, 0.36150247, 0.39638564, -0.84391606
2021,12,30,01,26,50,2520,ANCHOR_8, 4.403052, -0.6113361, 0.23769969, -0.7548291
2021,12,30,01,26,50,4520,ANCHOR_6, 1.4659852, -0.7442105, 0.26419488, -0.6134752
2021,12,30,01,26,50,4520,ANCHOR_2, nil, nil, nil, nil
2021,12,30,01,26,50,4520,ANCHOR_0, 4.1782074, 0.36150247, 0.39638564, -0.84391606
2021,12,30,01,26,50,4520,ANCHOR_8, 4.403052, -0.56093144, 0.2387722, -0.79268134
2021,12,30,01,26,50,6520,ANCHOR_6, 1.5127528, -0.7442105, 0.26419488, -0.6134752
2021,12,30,01,26,50,6520,ANCHOR_2, nil, nil, nil, nil
2021,12,30,01,26,50,6520,ANCHOR_0, 3.9533632, 0.45203468, 0.4053204, -0.7945942
2021,12,30,01,26,50,6520,ANCHOR_8, 4.388962, -0.56093144, 0.2387722, -0.79268134
2021,12,30,01,26,50,8520,ANCHOR_6, 1.391037, -0.7442105, 0.26419488, -0.6134752
2021,12,30,01,26,50,8520,ANCHOR_2, nil, nil, nil, nil
2021,12,30,01,26,50,8520,ANCHOR_0, 3.9206858, 0.4842005, 0.37646773, -0.789824
2021,12,30,01,26,50,8520,ANCHOR_8, 4.417142, -0.56093144, 0.2387722, -0.79268134
2021,12,30,01,26,51,0520,ANCHOR_6, 1.4659852, -0.7442105, 0.26419488, -0.6134752
2021,12,30,01,26,51,0520,ANCHOR_2, nil, nil, nil, nil
2021,12,30,01,26,51,0520,ANCHOR_0, 3.7986703, 0.48219103, 0.35745695, -0.7998227
2021,12,30,01,26,51,0520,ANCHOR_8, 4.417142, -0.56093144, 0.2387722, -0.79268134
2021,12,30,01,26,51,2520,ANCHOR_6, 1.3394727, -0.7442105, 0.26419488, -0.6134752
2021,12,30,01,26,51,2520,ANCHOR_2, nil, nil, nil, nil
2021,12,30,01,26,51,2520,ANCHOR_0, 3.9065955, 0.48219103, 0.35745695, -0.7998227
2021,12,30,01,26,51,2520,ANCHOR_8, 4.2813363, -0.56093144, 0.2387722, -0.79268134
2021,12,30,01,26,51,4520,ANCHOR_6, 1.4051273, -0.7442105, 0.26419488, -0.6134752
2021,12,30,01,26,51,4520,ANCHOR_2, nil, nil, nil, nil
2021,12,30,01,26,51,4520,ANCHOR_0, 3.7611961, 0.48219103, 0.35745695, -0.7998227
2021,12,30,01,26,51,4520,ANCHOR_8, 4.2813363, -0.56093144, 0.2387722, -0.79268134
2021,12,30,01,26,51,6510,ANCHOR_6, 1.353563, -0.7442105, 0.26419488, -0.6134752
2021,12,30,01,26,51,6510,ANCHOR_2, nil, nil, nil, nil
2021,12,30,01,26,51,6510,ANCHOR_0, 4.056492, 0.48219103, 0.35745695, -0.7998227
2021,12,30,01,26,51,6510,ANCHOR_8, 4.239065, -0.56093144, 0.2387722, -0.79268134
2021,12,30,01,26,51,8520,ANCHOR_6, 1.3724499, -0.7442105, 0.26419488, -0.6134752
2021,12,30,01,26,51,8520,ANCHOR_2, nil, nil, nil, nil
2021,12,30,01,26,51,8520,ANCHOR_0, 4.056492, 0.48219103, 0.35745695, -0.7998227
2021,12,30,01,26,51,8520,ANCHOR_8, 4.239065, -0.56093144, 0.2387722, -0.79268134
2021,12,30,01,26,52,0520,ANCHOR_6, 1.4614882, -0.7442105, 0.26419488, -0.6134752
2021,12,30,01,26,52,0520,ANCHOR_2, nil, nil, nil, nil
2021,12,30,01,26,52,0520,ANCHOR_0, 3.5552387, 0.28570905, 0.46960863, -0.835367
2021,12,30,01,26,52,0520,ANCHOR_8, 4.2297716, -0.56093144, 0.2387722, -0.79268134
2021,12,30,01,26,52,2510,ANCHOR_6, 1.4144208, -0.7442105, 0.26419488, -0.6134752
2021,12,30,01,26,52,2510,ANCHOR_2, nil, nil, nil, nil
2021,12,30,01,26,52,2510,ANCHOR_0, 3.512968, 0.19092512, 0.5392726, -0.8202028
2021,12,30,01,26,52,2510,ANCHOR_8, 4.2297716, -0.56093144, 0.2387722, -0.79268134
2021,12,30,01,26,52,2510,ANCHOR_5, nil, nil, nil, nil
2021,12,30,01,26,52,4520,ANCHOR_6, 1.4752787, -0.7442105, 0.26419488, -0.6134752
2021,12,30,01,26,52,4520,ANCHOR_2, nil, nil, nil, nil
2021,12,30,01,26,52,4520,ANCHOR_0, 3.433523, 0.19092512, 0.5392726, -0.8202028
2021,12,30,01,26,52,4520,ANCHOR_8, 4.210885, -0.7736941, 0.051204197, -0.6314868
2021,12,30,01,26,52,4520,ANCHOR_5, nil, nil, nil, nil
2021,12,30,01,26,52,6520,ANCHOR_6, 1.5082558, -0.7442105, 0.26419488, -0.6134752
2021,12,30,01,26,52,6520,ANCHOR_2, nil, nil, nil, nil
2021,12,30,01,26,52,6520,ANCHOR_0, 3.302214, 0.24456239, 0.5170645, -0.8202643
2021,12,30,01,26,52,6520,ANCHOR_8, 4.2531557, -0.75942725, 0.13379258, -0.6366866
2021,12,30,01,26,52,6520,ANCHOR_5, nil, nil, nil, nil
2021,12,30,01,26,52,8520,ANCHOR_6, 1.7001231, -0.7442105, 0.26419488, -0.6134752
2021,12,30,01,26,52,8520,ANCHOR_2, nil, nil, nil, nil
2021,12,30,01,26,52,8520,ANCHOR_0, 3.2506497, 0.15200126, 0.57035536, -0.80721146
2021,12,30,01,26,52,8520,ANCHOR_8, 4.2531557, -0.75942725, 0.13379258, -0.6366866
2021,12,30,01,26,52,8520,ANCHOR_5, nil, nil, nil, nil
2021,12,30,01,26,53,0520,ANCHOR_6, 1.7657776, -0.7442105, 0.26419488, -0.6134752
2021,12,30,01,26,53,0520,ANCHOR_2, nil, nil, nil, nil
2021,12,30,01,26,53,0520,ANCHOR_0, 3.1757016, 0.066363454, 0.5633751, -0.8235317
2021,12,30,01,26,53,0520,ANCHOR_8, 4.285833, -0.79675364, 0.0025868746, -0.6042987
2021,12,30,01,26,53,0520,ANCHOR_5, nil, nil, nil, nil
2021,12,30,01,26,53,2520,ANCHOR_6, 1.7846645, -0.7442105, 0.26419488, -0.6134752
2021,12,30,01,26,53,2520,ANCHOR_2, nil, nil, nil, nil
2021,12,30,01,26,53,2520,ANCHOR_0, 3.1382275, 0.071464695, 0.5390907, -0.83921033
2021,12,30,01,26,53,2520,ANCHOR_8, 4.285833, -0.79675364, 0.0025868746, -0.6042987
2021,12,30,01,26,53,2520,ANCHOR_5, 1.3958337, nil, nil, nil
2021,12,30,01,26,53,4520,ANCHOR_6, 1.9063803, -0.7442105, 0.26419488, -0.6134752
2021,12,30,01,26,53,4520,ANCHOR_2, nil, nil, nil, nil
2021,12,30,01,26,53,4520,ANCHOR_0, 3.0632794, 0.06655866, 0.5276829, -0.8468298
2021,12,30,01,26,53,4520,ANCHOR_8, 4.243862, -0.8014049, -0.018225776, -0.5978445
2021,12,30,01,26,53,4520,ANCHOR_5, 1.3958337, nil, nil, nil
2021,12,30,01,26,53,6520,ANCHOR_6, 1.8737029, -0.7442105, 0.26419488, -0.6134752
2021,12,30,01,26,53,6520,ANCHOR_2, nil, nil, nil, nil
2021,12,30,01,26,53,6520,ANCHOR_0, 3.1523178, 0.06655866, 0.5276829, -0.8468298
2021,12,30,01,26,53,6520,ANCHOR_8, 4.243862, -0.8014049, -0.018225776, -0.5978445
2021,12,30,01,26,53,6520,ANCHOR_5, 1.3442694, nil, nil, nil
2021,12,30,01,26,53,8520,ANCHOR_6, 1.8781997, -0.7442105, 0.26419488, -0.6134752
2021,12,30,01,26,53,8520,ANCHOR_2, nil, nil, nil, nil
2021,12,30,01,26,53,8520,ANCHOR_0, 3.0072181, 0.07653621, 0.5683431, -0.81922424
2021,12,30,01,26,53,8520,ANCHOR_8, 4.224975, -0.76733494, -0.10509081, -0.63257647
2021,12,30,01,26,53,8520,ANCHOR_5, 1.3394727, -0.7981132, 0.01098054, -0.6024074
2021,12,30,01,26,54,0510,ANCHOR_6, 1.9720348, -0.7442105, 0.26419488, -0.6134752
2021,12,30,01,26,54,0510,ANCHOR_2, nil, nil, nil, nil
2021,12,30,01,26,54,0510,ANCHOR_0, 2.899293, 0.0969147, 0.5789658, -0.80957156
2021,12,30,01,26,54,0510,ANCHOR_8, 4.224975, -0.76733494, -0.10509081, -0.63257647
2021,12,30,01,26,54,0510,ANCHOR_5, 1.3442694, -0.7981132, 0.01098054, -0.6024074
2021,12,30,01,26,54,2520,ANCHOR_6, 2.103044, -0.7442105, 0.26419488, -0.6134752
2021,12,30,01,26,54,2520,ANCHOR_2, nil, nil, nil, nil
2021,12,30,01,26,54,2520,ANCHOR_0, 2.8666155, 0.0969147, 0.5789658, -0.80957156
2021,12,30,01,26,54,2520,ANCHOR_8, 4.2531557, -0.774374, -0.13217844, -0.618768
2021,12,30,01,26,54,2520,ANCHOR_5, 1.3442694, -0.7981132, 0.01098054, -0.6024074
2021,12,30,01,26,54,4520,ANCHOR_6, 2.1405182, -0.7442105, 0.26419488, -0.6134752
2021,12,30,01,26,54,4520,ANCHOR_2, nil, nil, nil, nil
2021,12,30,01,26,54,4520,ANCHOR_0, 2.7356062, 0.0969147, 0.5789658, -0.80957156
2021,12,30,01,26,54,4520,ANCHOR_8, 5.0727882, -0.7690892, -0.24269994, -0.5912686
2021,12,30,01,26,54,4520,ANCHOR_5, 1.311592, -0.7981132, 0.01098054, -0.6024074
2021,12,30,01,26,54,6520,ANCHOR_6, 2.2484434, -0.7442105, 0.26419488, -0.6134752
2021,12,30,01,26,54,6520,ANCHOR_2, nil, nil, nil, nil
2021,12,30,01,26,54,6520,ANCHOR_7, nil, nil, nil, nil
2021,12,30,01,26,54,6520,ANCHOR_0, 2.5902069, 0.28851682, 0.5078335, -0.81170386
2021,12,30,01,26,54,6520,ANCHOR_8, 5.0727882, -0.7690892, -0.24269994, -0.5912686
2021,12,30,01,26,54,6520,ANCHOR_5, 1.217757, -0.7981132, 0.01098054, -0.6024074
2021,12,30,01,26,54,8520,ANCHOR_6, 2.2436469, -0.7442105, 0.26419488, -0.6134752
2021,12,30,01,26,54,8520,ANCHOR_2, nil, nil, nil, nil
2021,12,30,01,26,54,8520,ANCHOR_7, nil, nil, nil, nil
2021,12,30,01,26,54,8520,ANCHOR_0, 2.566823, 0.2895547, 0.48814806, -0.8233283
2021,12,30,01,26,54,8520,ANCHOR_8, 4.8950114, -0.7690892, -0.24269994, -0.5912686
2021,12,30,01,26,54,8520,ANCHOR_5, 1.274118, -0.7981132, 0.01098054, -0.6024074
2021,12,30,01,26,55,0520,ANCHOR_6, 2.337182, -0.7442105, 0.26419488, -0.6134752
2021,12,30,01,26,55,0520,ANCHOR_2, nil, nil, nil, nil
2021,12,30,01,26,55,0520,ANCHOR_7, nil, nil, nil, nil
2021,12,30,01,26,55,0520,ANCHOR_0, 2.4966717, 0.30167887, 0.45776597, -0.8363254
2021,12,30,01,26,55,0520,ANCHOR_8, 4.8950114, -0.7690892, -0.24269994, -0.5912686
2021,12,30,01,26,55,0520,ANCHOR_5, 1.3019986, -0.7981132, 0.01098054, -0.6024074
2021,12,30,01,26,55,2520,ANCHOR_6, 2.4403107, -0.7442105, 0.26419488, -0.6134752
2021,12,30,01,26,55,2520,ANCHOR_2, nil, nil, nil, nil
2021,12,30,01,26,55,2520,ANCHOR_7, nil, nil, nil, nil
2021,12,30,01,26,55,2520,ANCHOR_0, 2.4358137, 0.30167887, 0.45776597, -0.8363254
2021,12,30,01,26,55,2520,ANCHOR_8, 5.1102624, -0.7690892, -0.24269994, -0.5912686
2021,12,30,01,26,55,2520,ANCHOR_5, 1.353563, -0.7981132, 0.01098054, -0.6024074
2021,12,30,01,26,55,4520,ANCHOR_6, 2.4076333, -0.7442105, 0.26419488, -0.6134752
2021,12,30,01,26,55,4520,ANCHOR_2, nil, nil, nil, nil
2021,12,30,01,26,55,4520,ANCHOR_7, nil, nil, nil, nil
2021,12,30,01,26,55,4520,ANCHOR_0, 2.4076333, 0.30167887, 0.45776597, -0.8363254
2021,12,30,01,26,55,4520,ANCHOR_8, 5.1102624, -0.7690892, -0.24269994, -0.5912686
2021,12,30,01,26,55,4520,ANCHOR_5, 1.4099239, -0.7981132, 0.01098054, -0.6024074
2021,12,30,01,26,55,6520,ANCHOR_6, 2.5200553, -0.7442105, 0.26419488, -0.6134752
2021,12,30,01,26,55,6520,ANCHOR_2, nil, nil, nil, nil
2021,12,30,01,26,55,6520,ANCHOR_7, 4.8527403, nil, nil, nil
2021,12,30,01,26,55,6520,ANCHOR_0, 2.3467753, 0.30167887, 0.45776597, -0.8363254
2021,12,30,01,26,55,6520,ANCHOR_8, 5.1102624, -0.7690892, -0.24269994, -0.5912686
2021,12,30,01,26,55,6520,ANCHOR_5, 1.447398, -0.7981132, 0.01098054, -0.6024074
2021,12,30,01,26,55,8520,ANCHOR_6, 2.5200553, -0.7442105, 0.26419488, -0.6134752
2021,12,30,01,26,55,8520,ANCHOR_2, nil, nil, nil, nil
2021,12,30,01,26,55,8520,ANCHOR_7, 4.8152666, nil, nil, nil
2021,12,30,01,26,55,8520,ANCHOR_0, 2.3137982, 0.24032736, 0.3316331, -0.91228414
2021,12,30,01,26,55,8520,ANCHOR_8, 5.1102624, -0.7690892, -0.24269994, -0.5912686
2021,12,30,01,26,55,8520,ANCHOR_5, 1.5082558, -0.7981132, 0.01098054, -0.6024074
2021,12,30,01,26,56,0520,ANCHOR_6, 2.5200553, -0.7442105, 0.26419488, -0.6134752
2021,12,30,01,26,56,0520,ANCHOR_2, nil, nil, nil, nil
2021,12,30,01,26,56,0520,ANCHOR_7, 4.8575373, nil, nil, nil
2021,12,30,01,26,56,0520,ANCHOR_0, 2.2343533, 0.24032736, 0.3316331, -0.91228414
2021,12,30,01,26,56,0520,ANCHOR_8, 5.1102624, -0.7690892, -0.24269994, -0.5912686
2021,12,30,01,26,56,0520,ANCHOR_5, 1.5034592, -0.7981132, 0.01098054, -0.6024074
2021,12,30,01,26,56,2520,ANCHOR_6, 2.5200553, -0.7442105, 0.26419488, -0.6134752
2021,12,30,01,26,56,2520,ANCHOR_2, nil, nil, nil, nil
2021,12,30,01,26,56,2520,ANCHOR_7, 4.7777925, -0.8129606, 0.122874886, -0.5692072
2021,12,30,01,26,56,2520,ANCHOR_0, 2.145315, 0.28035998, 0.46259317, -0.8410742
2021,12,30,01,26,56,2520,ANCHOR_8, 5.1102624, -0.7690892, -0.24269994, -0.5912686
2021,12,30,01,26,56,2520,ANCHOR_5, 1.5457299, -0.7981132, 0.01098054, -0.6024074
2021,12,30,01,26,56,4520,ANCHOR_6, 2.5200553, -0.7442105, 0.26419488, -0.6134752
2021,12,30,01,26,56,4520,ANCHOR_2, nil, nil, nil, nil
2021,12,30,01,26,56,4520,ANCHOR_7, 4.6419864, -0.8129606, 0.122874886, -0.5692072
2021,12,30,01,26,56,4520,ANCHOR_0, 2.0514798, 0.28035998, 0.46259317, -0.8410742
2021,12,30,01,26,56,4520,ANCHOR_8, 5.1102624, -0.7690892, -0.24269994, -0.5912686
2021,12,30,01,26,56,4520,ANCHOR_5, 1.4566915, -0.7981132, 0.01098054, -0.6024074
2021,12,30,01,26,56,6520,ANCHOR_6, 2.800961, -0.7442105, 0.26419488, -0.6134752
2021,12,30,01,26,56,6520,ANCHOR_2, nil, nil, nil, nil
2021,12,30,01,26,56,6520,ANCHOR_7, 4.726228, -0.8038842, 0.10818264, -0.5848647
2021,12,30,01,26,56,6520,ANCHOR_0, 1.9390576, 0.50697666, 0.5058493, -0.69791913
2021,12,30,01,26,56,6520,ANCHOR_8, 5.1102624, -0.7690892, -0.24269994, -0.5912686
2021,12,30,01,26,56,6520,ANCHOR_5, 1.6206781, -0.7981132, 0.01098054, -0.6024074
2021,12,30,01,26,56,8520,ANCHOR_6, 2.894796, -0.7442105, 0.26419488, -0.6134752
2021,12,30,01,26,56,8520,ANCHOR_2, nil, nil, nil, nil
2021,12,30,01,26,56,8520,ANCHOR_7, 4.6653705, -0.8038842, 0.10818264, -0.5848647
2021,12,30,01,26,56,8520,ANCHOR_0, 1.9249674, 0.50697666, 0.5058493, -0.69791913
2021,12,30,01,26,56,8520,ANCHOR_8, 4.590422, -0.7690892, -0.24269994, -0.5912686
2021,12,30,01,26,56,8520,ANCHOR_5, 1.7750711, -0.7981132, 0.01098054, -0.6024074
2021,12,30,01,26,57,0520,ANCHOR_6, 2.894796, -0.7442105, 0.26419488, -0.6134752
2021,12,30,01,26,57,0520,ANCHOR_2, nil, nil, nil, nil
2021,12,30,01,26,57,0520,ANCHOR_7, 4.65128, -0.8038842, 0.10818264, -0.5848647
2021,12,30,01,26,57,0520,ANCHOR_0, 1.9345608, 0.50697666, 0.5058493, -0.69791913
2021,12,30,01,26,57,0520,ANCHOR_8, 4.590422, -0.7690892, -0.24269994, -0.5912686
2021,12,30,01,26,57,0520,ANCHOR_5, 1.8455224, -0.7981132, 0.01098054, -0.6024074
2021,12,30,01,26,57,2520,ANCHOR_8, 4.5295644, -0.7690892, -0.24269994, -0.5912686
2021,12,30,01,26,57,2520,ANCHOR_6, 2.894796, -0.7442105, 0.26419488, -0.6134752
2021,12,30,01,26,57,2520,ANCHOR_7, 4.6278963, -0.8038842, 0.10818264, -0.5848647
2021,12,30,01,26,57,2520,ANCHOR_2, nil, nil, nil, nil
2021,12,30,01,26,57,2520,ANCHOR_0, 1.8689061, 0.50697666, 0.5058493, -0.69791913
2021,12,30,01,26,57,2520,ANCHOR_4, nil, nil, nil, nil
2021,12,30,01,26,57,2520,ANCHOR_5, 1.9906219, -0.7981132, 0.01098054, -0.6024074
2021,12,30,01,26,57,4520,ANCHOR_8, 4.5295644, -0.7690892, -0.24269994, -0.5912686
2021,12,30,01,26,57,4520,ANCHOR_6, 2.894796, -0.7442105, 0.26419488, -0.6134752
2021,12,30,01,26,57,4520,ANCHOR_7, 4.5061803, -0.8038842, 0.10818264, -0.5848647
2021,12,30,01,26,57,4520,ANCHOR_2, nil, nil, nil, nil
2021,12,30,01,26,57,4520,ANCHOR_0, 2.4310172, 0.50697666, 0.5058493, -0.69791913
2021,12,30,01,26,57,4520,ANCHOR_4, nil, nil, nil, nil
2021,12,30,01,26,57,4520,ANCHOR_5, 1.8032516, -0.7981132, 0.01098054, -0.6024074
2021,12,30,01,26,57,6520,ANCHOR_8, 4.5295644, -0.7690892, -0.24269994, -0.5912686
2021,12,30,01,26,57,6520,ANCHOR_6, 2.894796, -0.7442105, 0.26419488, -0.6134752
2021,12,30,01,26,57,6520,ANCHOR_7, 4.515474, -0.8038842, 0.10818264, -0.5848647
2021,12,30,01,26,57,6520,ANCHOR_2, nil, nil, nil, nil
2021,12,30,01,26,57,6520,ANCHOR_0, 1.6488585, 0.714217, 0.48874116, -0.50102514
2021,12,30,01,26,57,6520,ANCHOR_4, nil, nil, nil, nil
2021,12,30,01,26,57,6520,ANCHOR_5, 1.7375971, -0.7981132, 0.01098054, -0.6024074
2021,12,30,01,26,57,8520,ANCHOR_8, 4.5295644, -0.7690892, -0.24269994, -0.5912686
2021,12,30,01,26,57,8520,ANCHOR_6, 3.2413561, -0.7442105, 0.26419488, -0.6134752
2021,12,30,01,26,57,8520,ANCHOR_7, 4.4498196, -0.8038842, 0.10818264, -0.5848647
2021,12,30,01,26,57,8520,ANCHOR_2, nil, nil, nil, nil
2021,12,30,01,26,57,8520,ANCHOR_0, 1.7001231, 0.714217, 0.48874116, -0.50102514
2021,12,30,01,26,57,8520,ANCHOR_4, nil, nil, nil, nil
2021,12,30,01,26,57,8520,ANCHOR_5, 1.7939581, -0.7981132, 0.01098054, -0.6024074
2021,12,30,01,26,58,0520,ANCHOR_8, 4.4872937, -0.7690892, -0.24269994, -0.5912686
2021,12,30,01,26,58,0520,ANCHOR_6, 3.2413561, -0.7442105, 0.26419488, -0.6134752
2021,12,30,01,26,58,0520,ANCHOR_7, 4.478, -0.8038842, 0.10818264, -0.5848647
2021,12,30,01,26,58,0520,ANCHOR_2, nil, nil, nil, nil
2021,12,30,01,26,58,0520,ANCHOR_0, 1.6017911, 0.59775764, 0.65194553, -0.4665328
2021,12,30,01,26,58,0520,ANCHOR_4, nil, nil, nil, nil
2021,12,30,01,26,58,0520,ANCHOR_5, 1.8125452, -0.7981132, 0.01098054, -0.6024074
2021,12,30,01,26,58,2520,ANCHOR_8, 4.4872937, -0.7690892, -0.24269994, -0.5912686
2021,12,30,01,26,58,2520,ANCHOR_6, 3.2413561, -0.7442105, 0.26419488, -0.6134752
2021,12,30,01,26,58,2520,ANCHOR_7, 4.4498196, -0.8038842, 0.10818264, -0.5848647
2021,12,30,01,26,58,2520,ANCHOR_2, nil, nil, nil, nil
2021,12,30,01,26,58,2520,ANCHOR_0, 1.4752787, 0.64577395, 0.57451636, -0.5028985
2021,12,30,01,26,58,2520,ANCHOR_4, nil, nil, nil, nil
2021,12,30,01,26,58,2520,ANCHOR_5, 1.8596126, -0.7981132, 0.01098054, -0.6024074
2021,12,30,01,26,58,4520,ANCHOR_8, 4.4872937, -0.7690892, -0.24269994, -0.5912686
2021,12,30,01,26,58,4520,ANCHOR_6, 3.2413561, -0.7442105, 0.26419488, -0.6134752
2021,12,30,01,26,58,4520,ANCHOR_7, 4.4498196, -0.81705534, 0.054586634, -0.57396936
2021,12,30,01,26,58,4520,ANCHOR_2, nil, nil, nil, nil
2021,12,30,01,26,58,4520,ANCHOR_0, 1.4144208, 0.7193241, 0.50343186, -0.4786744
2021,12,30,01,26,58,4520,ANCHOR_4, nil, nil, nil, nil
2021,12,30,01,26,58,4520,ANCHOR_5, 1.8596126, -0.7981132, 0.01098054, -0.6024074
2021,12,30,01,26,58,6520,ANCHOR_8, 4.4872937, -0.7690892, -0.24269994, -0.5912686
2021,12,30,01,26,58,6520,ANCHOR_6, 3.2413561, -0.7442105, 0.26419488, -0.6134752
2021,12,30,01,26,58,6520,ANCHOR_7, 4.5952187, -0.7961745, 0.15560894, -0.58471537
2021,12,30,01,26,58,6520,ANCHOR_2, nil, nil, nil, nil
2021,12,30,01,26,58,6520,ANCHOR_0, 1.3676533, 0.787377, 0.42724, -0.44441363
2021,12,30,01,26,58,6520,ANCHOR_4, nil, nil, nil, nil
2021,12,30,01,26,58,6520,ANCHOR_5, 1.929764, -0.7981132, 0.01098054, -0.6024074
2021,12,30,01,26,58,8510,ANCHOR_8, 4.4872937, -0.7690892, -0.24269994, -0.5912686
2021,12,30,01,26,58,8510,ANCHOR_6, 3.2413561, -0.7442105, 0.26419488, -0.6134752
2021,12,30,01,26,58,8510,ANCHOR_7, 4.379668, -0.7984347, 0.18357037, -0.57341427
2021,12,30,01,26,58,8510,ANCHOR_2, nil, nil, nil, nil
2021,12,30,01,26,58,8510,ANCHOR_0, 1.3019986, 0.787377, 0.42724, -0.44441363
2021,12,30,01,26,58,8510,ANCHOR_4, nil, nil, nil, nil
2021,12,30,01,26,58,8510,ANCHOR_5, 2.0188024, -0.7981132, 0.01098054, -0.6024074
2021,12,30,01,26,59,0520,ANCHOR_8, 4.4872937, -0.7690892, -0.24269994, -0.5912686
2021,12,30,01,26,59,0520,ANCHOR_6, 3.5318549, -0.7442105, 0.26419488, -0.6134752
2021,12,30,01,26,59,0520,ANCHOR_7, 4.417142, -0.80321896, 0.19457763, -0.5630087
2021,12,30,01,26,59,0520,ANCHOR_2, nil, nil, nil, nil
2021,12,30,01,26,59,0520,ANCHOR_0, 1.2879084, 0.787377, 0.42724, -0.44441363
2021,12,30,01,26,59,0520,ANCHOR_4, nil, nil, nil, nil
2021,12,30,01,26,59,0520,ANCHOR_5, 1.986125, -0.7981132, 0.01098054, -0.6024074
2021,12,30,01,26,59,2520,ANCHOR_8, 4.4453225, -0.7690892, -0.24269994, -0.5912686
2021,12,30,01,26,59,2520,ANCHOR_6, 3.6068032, -0.7442105, 0.26419488, -0.6134752
2021,12,30,01,26,59,2520,ANCHOR_7, 4.4453225, -0.79954606, 0.20344666, -0.56509787
2021,12,30,01,26,59,2520,ANCHOR_2, nil, nil, nil, nil
2021,12,30,01,26,59,2520,ANCHOR_0, 1.2975018, 0.7930893, 0.3107305, -0.52388555
2021,12,30,01,26,59,2520,ANCHOR_4, nil, nil, nil, nil
2021,12,30,01,26,59,2520,ANCHOR_5, 1.8737029, -0.7981132, 0.01098054, -0.6024074
2021,12,30,01,26,59,4520,ANCHOR_8, 4.4453225, -0.7690892, -0.24269994, -0.5912686
2021,12,30,01,26,59,4520,ANCHOR_6, 3.6253903, -0.7442105, 0.26419488, -0.6134752
2021,12,30,01,26,59,4520,ANCHOR_7, 4.3140135, -0.81261975, 0.2637715, -0.5196862
2021,12,30,01,26,59,4520,ANCHOR_2, nil, nil, nil, nil
2021,12,30,01,26,59,4520,ANCHOR_0, 1.3394727, 0.7930893, 0.3107305, -0.52388555
2021,12,30,01,26,59,4520,ANCHOR_4, nil, nil, nil, nil
2021,12,30,01,26,59,4520,ANCHOR_5, 1.9813284, -0.7981132, 0.01098054, -0.6024074
2021,12,30,01,26,59,6520,ANCHOR_8, 4.4453225, -0.7690892, -0.24269994, -0.5912686
2021,12,30,01,26,59,6520,ANCHOR_6, 3.6628642, -0.7442105, 0.26419488, -0.6134752
2021,12,30,01,26,59,6520,ANCHOR_7, 4.243862, -0.7879012, 0.26476815, -0.5559762
2021,12,30,01,26,59,6520,ANCHOR_2, nil, nil, nil, nil
2021,12,30,01,26,59,6520,ANCHOR_0, 1.3583596, 0.7930893, 0.3107305, -0.52388555
2021,12,30,01,26,59,6520,ANCHOR_4, nil, nil, nil, nil
2021,12,30,01,26,59,6520,ANCHOR_5, 2.0562766, -0.7981132, 0.01098054, -0.6024074
2021,12,30,01,26,59,8520,ANCHOR_8, 4.3140135, -0.7690892, -0.24269994, -0.5912686
2021,12,30,01,26,59,8520,ANCHOR_6, 3.6769545, -0.7442105, 0.26419488, -0.6134752
2021,12,30,01,26,59,8520,ANCHOR_7, 4.2015915, -0.75761604, 0.30654383, -0.5762368
2021,12,30,01,26,59,8520,ANCHOR_2, nil, nil, nil, nil
2021,12,30,01,26,59,8520,ANCHOR_0, 1.3724499, 0.7930893, 0.3107305, -0.52388555
2021,12,30,01,26,59,8520,ANCHOR_4, nil, nil, nil, nil
2021,12,30,01,26,59,8520,ANCHOR_5, 2.0748637, -0.7981132, 0.01098054, -0.6024074
2021,12,30,01,27,00,0510,ANCHOR_8, 4.3140135, -0.7690892, -0.24269994, -0.5912686
2021,12,30,01,27,00,0510,ANCHOR_6, 3.5084713, -0.7442105, 0.26419488, -0.6134752
2021,12,30,01,27,00,0510,ANCHOR_7, 4.1314397, -0.7194097, 0.34814435, -0.6010367
2021,12,30,01,27,00,0510,ANCHOR_2, nil, nil, nil, nil
2021,12,30,01,27,00,0510,ANCHOR_0, 1.4848721, 0.7930893, 0.3107305, -0.52388555
2021,12,30,01,27,00,0510,ANCHOR_4, nil, nil, nil, nil
2021,12,30,01,27,00,0510,ANCHOR_5, 2.0796602, -0.7981132, 0.01098054, -0.6024074
2021,12,30,01,27,00,2520,ANCHOR_8, 4.3140135, -0.7690892, -0.24269994, -0.5912686
2021,12,30,01,27,00,2520,ANCHOR_6, 3.5645323, -0.7442105, 0.26419488, -0.6134752
2021,12,30,01,27,00,2520,ANCHOR_7, 4.1173496, -0.6235274, 0.4265139, -0.6552095
2021,12,30,01,27,00,2520,ANCHOR_2, nil, nil, nil, nil
2021,12,30,01,27,00,2520,ANCHOR_0, 1.5082558, 0.7930893, 0.3107305, -0.52388555
2021,12,30,01,27,00,2520,ANCHOR_4, nil, nil, nil, nil
2021,12,30,01,27,00,2520,ANCHOR_5, 2.1171343, -0.7981132, 0.01098054, -0.6024074
2021,12,30,01,27,00,4520,ANCHOR_8, 4.360781, -0.6441543, 0.16159032, -0.74763215
2021,12,30,01,27,00,4520,ANCHOR_6, 3.5459452, -0.7442105, 0.26419488, -0.6134752
2021,12,30,01,27,00,4520,ANCHOR_7, 3.9815435, -0.37498084, 0.53233135, -0.758955
2021,12,30,01,27,00,4520,ANCHOR_2, nil, nil, nil, nil
2021,12,30,01,27,00,4520,ANCHOR_0, 1.6158813, 0.7930893, 0.3107305, -0.52388555
2021,12,30,01,27,00,4520,ANCHOR_4, nil, nil, nil, nil
2021,12,30,01,27,00,4520,ANCHOR_5, 2.126428, -0.7612674, -0.14914562, -0.6310527
2021,12,30,01,27,00,6520,ANCHOR_8, 4.360781, -0.6441543, 0.16159032, -0.74763215
2021,12,30,01,27,00,6520,ANCHOR_6, 3.6301868, -0.7801395, -0.09956648, -0.6176317
2021,12,30,01,27,00,6520,ANCHOR_7, 3.8925052, -0.27186614, 0.54221773, -0.7950401
2021,12,30,01,27,00,6520,ANCHOR_2, nil, nil, nil, nil
2021,12,30,01,27,00,6520,ANCHOR_0, 1.6158813, 0.7930893, 0.3107305, -0.52388555
2021,12,30,01,27,00,6520,ANCHOR_4, nil, nil, nil, nil
2021,12,30,01,27,00,6520,ANCHOR_5, 2.1123376, -0.81720996, -0.028127084, -0.57565325
2021,12,30,01,27,00,8520,ANCHOR_8, 4.2483587, -0.6456751, 0.29058155, -0.70616287
2021,12,30,01,27,00,8520,ANCHOR_6, 3.686248, -0.7801395, -0.09956648, -0.6176317
2021,12,30,01,27,00,8520,ANCHOR_7, 3.8643248, -0.1822812, 0.57450956, -0.7979425
2021,12,30,01,27,00,8520,ANCHOR_2, nil, nil, nil, nil
2021,12,30,01,27,00,8520,ANCHOR_0, 1.6206781, 0.7930893, 0.3107305, -0.52388555
2021,12,30,01,27,00,8520,ANCHOR_4, nil, nil, nil, nil
2021,12,30,01,27,00,8520,ANCHOR_5, 2.0703666, -0.81720996, -0.028127084, -0.57565325
2021,12,30,01,27,01,0510,ANCHOR_8, 4.267246, -0.7250055, 0.38479802, -0.5712246
2021,12,30,01,27,01,0510,ANCHOR_6, 3.6628642, -0.7466321, -0.0205965, -0.66491824
2021,12,30,01,27,01,0510,ANCHOR_7, 3.8034668, -0.11611246, 0.59044325, -0.79868305
2021,12,30,01,27,01,0510,ANCHOR_2, nil, nil, nil, nil
2021,12,30,01,27,01,0510,ANCHOR_0, 1.6722423, 0.7930893, 0.3107305, -0.52388555
2021,12,30,01,27,01,0510,ANCHOR_4, nil, nil, nil, nil
2021,12,30,01,27,01,0510,ANCHOR_5, 2.0985472, -0.7967687, 0.07051307, -0.60015625
2021,12,30,01,27,01,2520,ANCHOR_8, 4.210885, -0.76487523, 0.39813563, -0.50641286
2021,12,30,01,27,01,2520,ANCHOR_6, 3.6628642, -0.7917504, -0.018505875, -0.61056435
2021,12,30,01,27,01,2520,ANCHOR_7, 3.7611961, -0.07218703, 0.59558105, -0.80004513
2021,12,30,01,27,01,2520,ANCHOR_2, nil, nil, nil, nil
2021,12,30,01,27,01,2520,ANCHOR_0, 1.8080484, 0.7930893, 0.3107305, -0.52388555
2021,12,30,01,27,01,2520,ANCHOR_4, nil, nil, nil, nil
2021,12,30,01,27,01,2520,ANCHOR_5, 2.0889537, -0.7967687, 0.07051307, -0.60015625
2021,12,30,01,27,01,4510,ANCHOR_8, 4.1359367, -0.81398404, 0.36976528, -0.4479996
2021,12,30,01,27,01,4510,ANCHOR_6, 3.6208932, -0.8184576, -0.0682029, -0.57050467
2021,12,30,01,27,01,4510,ANCHOR_7, 3.7192252, -0.030603416, 0.55370116, -0.8321529
2021,12,30,01,27,01,4510,ANCHOR_2, nil, nil, nil, nil
2021,12,30,01,27,01,4510,ANCHOR_0, 1.8080484, 0.7930893, 0.3107305, -0.52388555
2021,12,30,01,27,01,4510,ANCHOR_4, nil, nil, nil, nil
2021,12,30,01,27,01,4510,ANCHOR_5, 2.004712, -0.7967687, 0.07051307, -0.60015625
2021,12,30,01,27,01,6520,ANCHOR_8, 3.95816, -0.79423505, 0.33889088, -0.504325
2021,12,30,01,27,01,6520,ANCHOR_6, 3.5459452, -0.8184576, -0.0682029, -0.57050467
2021,12,30,01,27,01,6520,ANCHOR_7, 3.6301868, -0.003922484, 0.53481716, -0.8449587
2021,12,30,01,27,01,6520,ANCHOR_2, nil, nil, nil, nil
2021,12,30,01,27,01,6520,ANCHOR_0, 1.8080484, 0.7930893, 0.3107305, -0.52388555
2021,12,30,01,27,01,6520,ANCHOR_4, nil, nil, nil, nil
2021,12,30,01,27,01,6520,ANCHOR_5, 2.0095088, -0.7967687, 0.07051307, -0.60015625
2021,12,30,01,27,01,8520,ANCHOR_8, 3.8502345, -0.75183207, 0.37714395, -0.54084283
2021,12,30,01,27,01,8520,ANCHOR_6, 3.4287264, -0.8184576, -0.0682029, -0.57050467
2021,12,30,01,27,01,8520,ANCHOR_7, 3.569329, 0.027766895, 0.53006226, -0.84750396
2021,12,30,01,27,01,8520,ANCHOR_2, nil, nil, nil, nil
2021,12,30,01,27,01,8520,ANCHOR_0, 1.8080484, 0.7930893, 0.3107305, -0.52388555
2021,12,30,01,27,01,8520,ANCHOR_4, nil, nil, nil, nil
2021,12,30,01,27,01,8520,ANCHOR_5, 1.8874934, -0.7967687, 0.07051307, -0.60015625
2021,12,30,01,27,02,0520,ANCHOR_8, 3.8223538, -0.7490868, 0.40325627, -0.52559805
2021,12,30,01,27,02,0520,ANCHOR_6, 3.4287264, -0.8184576, -0.0682029, -0.57050467
2021,12,30,01,27,02,0520,ANCHOR_7, 3.4850874, 0.088196635, 0.5719856, -0.8155083
2021,12,30,01,27,02,0520,ANCHOR_2, nil, nil, nil, nil
2021,12,30,01,27,02,0520,ANCHOR_0, 2.1078408, 0.7930893, 0.3107305, -0.52388555
2021,12,30,01,27,02,0520,ANCHOR_4, nil, nil, nil, nil
2021,12,30,01,27,02,0520,ANCHOR_5, 1.8689061, -0.7967687, 0.07051307, -0.60015625
2021,12,30,01,27,02,2520,ANCHOR_8, 3.7752864, -0.7499501, 0.39550513, -0.53023624
2021,12,30,01,27,02,2520,ANCHOR_6, 3.4662004, -0.8184576, -0.0682029, -0.57050467
2021,12,30,01,27,02,2520,ANCHOR_7, 3.3678684, 0.16443805, 0.63151175, -0.7577289
2021,12,30,01,27,02,2520,ANCHOR_2, nil, nil, nil, nil
2021,12,30,01,27,02,2520,ANCHOR_0, 2.0188024, 0.7930893, 0.3107305, -0.52388555
2021,12,30,01,27,02,2520,ANCHOR_4, nil, nil, nil, nil
2021,12,30,01,27,02,2520,ANCHOR_5, 1.8689061, -0.81902236, -0.010947509, -0.5736572
2021,12,30,01,27,02,4520,ANCHOR_8, 3.6628642, -0.69750303, 0.41464984, -0.5844272
2021,12,30,01,27,02,4520,ANCHOR_6, 3.4662004, -0.8184576, -0.0682029, -0.57050467
2021,12,30,01,27,02,4520,ANCHOR_7, 3.302214, 0.25878635, 0.6051591, -0.7528692
2021,12,30,01,27,02,4520,ANCHOR_2, nil, nil, nil, nil
2021,12,30,01,27,02,4520,ANCHOR_0, 2.1405182, 0.7930893, 0.3107305, -0.52388555
2021,12,30,01,27,02,4520,ANCHOR_4, nil, nil, nil, nil
2021,12,30,01,27,02,4520,ANCHOR_5, 1.8314321, -0.80236155, -0.012994302, -0.59669673
2021,12,30,01,27,02,6520,ANCHOR_8, 3.6724577, -0.63496786, 0.43953556, -0.6353144
2021,12,30,01,27,02,6520,ANCHOR_6, 3.5927129, -0.8184576, -0.0682029, -0.57050467
2021,12,30,01,27,02,6520,ANCHOR_7, 3.2695365, 0.3030825, 0.60323274, -0.73773384
2021,12,30,01,27,02,6520,ANCHOR_2, nil, nil, nil, nil
2021,12,30,01,27,02,6520,ANCHOR_0, 2.1405182, 0.7930893, 0.3107305, -0.52388555
2021,12,30,01,27,02,6520,ANCHOR_4, nil, nil, nil, nil
2021,12,30,01,27,02,6520,ANCHOR_5, 1.8455224, -0.8105227, -0.02204585, -0.5852923
2021,12,30,01,27,02,8520,ANCHOR_8, 3.6394804, -0.5774322, 0.45332053, -0.6790232
2021,12,30,01,27,02,8520,ANCHOR_6, 3.5975094, -0.8184576, -0.0682029, -0.57050467
2021,12,30,01,27,02,8520,ANCHOR_7, 3.1664078, 0.31993204, 0.6431741, -0.69567996
2021,12,30,01,27,02,8520,ANCHOR_2, nil, nil, nil, nil
2021,12,30,01,27,02,8520,ANCHOR_0, 2.1405182, 0.7930893, 0.3107305, -0.52388555
2021,12,30,01,27,02,8520,ANCHOR_4, nil, nil, nil, nil
2021,12,30,01,27,02,8520,ANCHOR_5, 1.8829964, -0.8105227, -0.02204585, -0.5852923
2021,12,30,01,27,03,0520,ANCHOR_8, 3.6020064, -0.5344148, 0.47925955, -0.696212
2021,12,30,01,27,03,0520,ANCHOR_6, 3.5975094, -0.8184576, -0.0682029, -0.57050467
2021,12,30,01,27,03,0520,ANCHOR_7, 3.0866632, 0.3214752, 0.6942197, -0.64398193
2021,12,30,01,27,03,0520,ANCHOR_2, nil, nil, nil, nil
2021,12,30,01,27,03,0520,ANCHOR_0, 2.1405182, 0.7930893, 0.3107305, -0.52388555
2021,12,30,01,27,03,0520,ANCHOR_4, nil, nil, nil, nil
2021,12,30,01,27,03,0520,ANCHOR_5, 1.9063803, -0.8105227, -0.02204585, -0.5852923
2021,12,30,01,27,03,2520,ANCHOR_8, 3.5411484, -0.5974995, 0.45696405, -0.65892196
2021,12,30,01,27,03,2520,ANCHOR_6, 3.5975094, -0.8184576, -0.0682029, -0.57050467
2021,12,30,01,27,03,2520,ANCHOR_7, 3.049189, 0.30302602, 0.7194894, -0.6249082
2021,12,30,01,27,03,2520,ANCHOR_2, nil, nil, nil, nil
2021,12,30,01,27,03,2520,ANCHOR_0, 2.1405182, 0.7930893, 0.3107305, -0.52388555
2021,12,30,01,27,03,2520,ANCHOR_4, nil, nil, nil, nil
2021,12,30,01,27,03,2520,ANCHOR_5, 1.9390576, -0.8105227, -0.02204585, -0.5852923
2021,12,30,01,27,03,4520,ANCHOR_8, 3.4802907, -0.6411845, 0.421328, -0.6413775
2021,12,30,01,27,03,4520,ANCHOR_6, 3.5975094, -0.8184576, -0.0682029, -0.57050467
2021,12,30,01,27,03,4520,ANCHOR_7, 2.974241, 0.2540191, 0.7140948, -0.6523365
2021,12,30,01,27,03,4520,ANCHOR_2, nil, nil, nil, nil
2021,12,30,01,27,03,4520,ANCHOR_0, 2.1405182, 0.7930893, 0.3107305, -0.52388555
2021,12,30,01,27,03,4520,ANCHOR_4, nil, nil, nil, nil
2021,12,30,01,27,03,4520,ANCHOR_5, 1.89229, -0.8105227, -0.02204585, -0.5852923
2021,12,30,01,27,03,6520,ANCHOR_8, 3.377162, -0.6694433, 0.4193444, -0.61318505
2021,12,30,01,27,03,6520,ANCHOR_6, 3.5975094, -0.8184576, -0.0682029, -0.57050467
2021,12,30,01,27,03,6520,ANCHOR_7, 2.9604504, 0.25557667, 0.7026351, -0.66406655
2021,12,30,01,27,03,6520,ANCHOR_2, nil, nil, nil, nil
2021,12,30,01,27,03,6520,ANCHOR_0, 2.1405182, 0.7930893, 0.3107305, -0.52388555
2021,12,30,01,27,03,6520,ANCHOR_4, nil, nil, nil, nil
2021,12,30,01,27,03,6520,ANCHOR_5, 1.8032516, -0.8105227, -0.02204585, -0.5852923
2021,12,30,01,27,03,8520,ANCHOR_8, 3.2647398, -0.6764091, 0.39549792, -0.62133086
2021,12,30,01,27,03,8520,ANCHOR_6, 3.396049, -0.8184576, -0.0682029, -0.57050467
2021,12,30,01,27,03,8520,ANCHOR_7, 2.9367669, 0.2664221, 0.6636936, -0.6989492
2021,12,30,01,27,03,8520,ANCHOR_2, nil, nil, nil, nil
2021,12,30,01,27,03,8520,ANCHOR_0, 2.1405182, 0.7930893, 0.3107305, -0.52388555
2021,12,30,01,27,03,8520,ANCHOR_4, nil, nil, nil, nil
2021,12,30,01,27,03,8520,ANCHOR_5, 1.9156739, -0.8105227, -0.02204585, -0.5852923
2021,12,30,01,27,04,0520,ANCHOR_8, 3.2554462, -0.7048689, 0.39719105, -0.5877066
2021,12,30,01,27,04,0520,ANCHOR_6, 3.4239297, -0.8184576, -0.0682029, -0.57050467
2021,12,30,01,27,04,0520,ANCHOR_7, 2.782374, 0.26661193, 0.6741272, -0.6888183
2021,12,30,01,27,04,0520,ANCHOR_2, nil, nil, nil, nil
2021,12,30,01,27,04,0520,ANCHOR_0, 3.3585749, 0.7930893, 0.3107305, -0.52388555
2021,12,30,01,27,04,0520,ANCHOR_4, nil, nil, nil, nil
2021,12,30,01,27,04,0520,ANCHOR_5, 1.8266355, -0.8105227, -0.02204585, -0.5852923
2021,12,30,01,27,04,2520,ANCHOR_8, 3.1382275, -0.7048689, 0.39719105, -0.5877066
2021,12,30,01,27,04,2520,ANCHOR_6, 3.512968, -0.8184576, -0.0682029, -0.57050467
2021,12,30,01,27,04,2520,ANCHOR_7, 2.6744485, 0.24865566, 0.6969706, -0.67260855
2021,12,30,01,27,04,2520,ANCHOR_2, nil, nil, nil, nil
2021,12,30,01,27,04,2520,ANCHOR_0, 2.815051, 0.7930893, 0.3107305, -0.52388555
2021,12,30,01,27,04,2520,ANCHOR_4, nil, nil, nil, nil
2021,12,30,01,27,04,2520,ANCHOR_5, 1.9156739, -0.8105227, -0.02204585, -0.5852923
2021,12,30,01,27,04,4520,ANCHOR_8, 3.10555, -0.68713367, 0.42012972, -0.59273803
2021,12,30,01,27,04,4520,ANCHOR_6, 3.4614036, -0.8184576, -0.0682029, -0.57050467
2021,12,30,01,27,04,4520,ANCHOR_7, 2.623184, 0.34168246, 0.67598206, -0.65291756
2021,12,30,01,27,04,4520,ANCHOR_2, nil, nil, nil, nil
2021,12,30,01,27,04,4520,ANCHOR_0, 3.7566993, 0.7930893, 0.3107305, -0.52388555
2021,12,30,01,27,04,4520,ANCHOR_4, nil, nil, nil, nil
2021,12,30,01,27,04,4520,ANCHOR_5, 1.7846645, -0.80942327, -0.16991667, -0.56210524
2021,12,30,01,27,04,6520,ANCHOR_8, 3.0353987, -0.62803215, 0.4536514, -0.63227844
2021,12,30,01,27,04,6520,ANCHOR_6, 3.4662004, -0.8184576, -0.0682029, -0.57050467
2021,12,30,01,27,04,6520,ANCHOR_7, 2.5902069, 0.39474893, 0.6529094, -0.64643836
2021,12,30,01,27,04,6520,ANCHOR_2, nil, nil, nil, nil
2021,12,30,01,27,04,6520,ANCHOR_0, 3.7848797, 0.7930893, 0.3107305, -0.52388555
2021,12,30,01,27,04,6520,ANCHOR_4, nil, nil, nil, nil
2021,12,30,01,27,04,6520,ANCHOR_5, 1.9015836, -0.66556776, -0.14219628, -0.7326662
2021,12,30,01,27,04,8520,ANCHOR_8, 2.9274733, -0.5737941, 0.47061038, -0.67028815
2021,12,30,01,27,04,8520,ANCHOR_6, 3.494381, -0.8184576, -0.0682029, -0.57050467
2021,12,30,01,27,04,8520,ANCHOR_7, 2.4451072, 0.44161642, 0.6426028, -0.6261283
2021,12,30,01,27,04,8520,ANCHOR_2, nil, nil, nil, nil
2021,12,30,01,27,04,8520,ANCHOR_0, 3.7848797, 0.7930893, 0.3107305, -0.52388555
2021,12,30,01,27,04,8520,ANCHOR_4, nil, nil, nil, nil
2021,12,30,01,27,04,8520,ANCHOR_5, 2.061073, -0.6111241, -0.12847626, -0.7810385
2021,12,30,01,27,05,0520,ANCHOR_8, 2.8480284, -0.46635044, 0.58014965, -0.6677901
2021,12,30,01,27,05,0520,ANCHOR_6, 3.4569068, -0.8184576, -0.0682029, -0.57050467
2021,12,30,01,27,05,0520,ANCHOR_7, 2.3983397, 0.48389247, 0.64730304, -0.5889371
2021,12,30,01,27,05,0520,ANCHOR_2, nil, nil, nil, nil
2021,12,30,01,27,05,0520,ANCHOR_0, 3.7848797, 0.7930893, 0.3107305, -0.52388555
2021,12,30,01,27,05,0520,ANCHOR_4, nil, nil, nil, nil
2021,12,30,01,27,05,0520,ANCHOR_5, 2.623184, -0.6352187, -0.3007488, -0.7113701
2021,12,30,01,27,05,2520,ANCHOR_8, 2.838435, -0.46976846, 0.5700572, -0.67405665
2021,12,30,01,27,05,2520,ANCHOR_6, 3.494381, -0.8184576, -0.0682029, -0.57050467
2021,12,30,01,27,05,2520,ANCHOR_7, 2.3233914, 0.48876697, 0.626113, -0.6075272
2021,12,30,01,27,05,2520,ANCHOR_2, nil, nil, nil, nil
2021,12,30,01,27,05,2520,ANCHOR_0, 3.6535707, 0.7930893, 0.3107305, -0.52388555
2021,12,30,01,27,05,2520,ANCHOR_4, nil, nil, nil, nil
2021,12,30,01,27,05,2520,ANCHOR_5, 1.9999155, -0.60775936, -0.34987983, -0.71289027
2021,12,30,01,27,05,4520,ANCHOR_8, 2.740103, -0.5038882, 0.5799162, -0.6401515
2021,12,30,01,27,05,4520,ANCHOR_6, 3.4146361, -0.8184576, -0.0682029, -0.57050467
2021,12,30,01,27,05,4520,ANCHOR_7, 2.2061727, 0.48307562, 0.62797374, -0.6101532
2021,12,30,01,27,05,4520,ANCHOR_2, nil, nil, nil, nil
2021,12,30,01,27,05,4520,ANCHOR_0, 3.6535707, 0.7930893, 0.3107305, -0.52388555
2021,12,30,01,27,05,4520,ANCHOR_4, nil, nil, nil, nil
2021,12,30,01,27,05,4520,ANCHOR_5, 1.9624414, -0.6674837, -0.43125072, -0.6070324
2021,12,30,01,27,05,6520,ANCHOR_8, 2.6744485, -0.54741335, 0.51088655, -0.66282237
2021,12,30,01,27,05,6520,ANCHOR_6, 3.5225613, -0.8184576, -0.0682029, -0.57050467
2021,12,30,01,27,05,6520,ANCHOR_7, 2.1872857, 0.4828429, 0.6027143, -0.6352938
2021,12,30,01,27,05,6520,ANCHOR_2, nil, nil, nil, nil
2021,12,30,01,27,05,6520,ANCHOR_0, 3.7237222, 0.7930893, 0.3107305, -0.52388555
2021,12,30,01,27,05,6520,ANCHOR_4, nil, nil, nil, nil
2021,12,30,01,27,05,6520,ANCHOR_5, 1.9765316, -0.6674837, -0.43125072, -0.6070324
2021,12,30,01,27,05,8520,ANCHOR_8, 2.5809133, -0.53715533, 0.459628, -0.7072526
2021,12,30,01,27,05,8520,ANCHOR_6, 3.512968, -0.8184576, -0.0682029, -0.57050467
2021,12,30,01,27,05,8520,ANCHOR_7, 2.028096, 0.53260833, 0.47184706, -0.7026298
2021,12,30,01,27,05,8520,ANCHOR_2, nil, nil, nil, nil
2021,12,30,01,27,05,8520,ANCHOR_0, 3.8832116, 0.7930893, 0.3107305, -0.52388555
2021,12,30,01,27,05,8520,ANCHOR_4, nil, nil, nil, nil
2021,12,30,01,27,05,8520,ANCHOR_5, 1.8125452, -0.6674837, -0.43125072, -0.6070324
2021,12,30,01,27,06,0520,ANCHOR_8, 2.5107617, -0.5264644, 0.5003051, -0.68740827
2021,12,30,01,27,06,0520,ANCHOR_6, 3.4614036, -0.8184576, -0.0682029, -0.57050467
2021,12,30,01,27,06,0520,ANCHOR_7, 1.9720348, 0.563336, 0.58081615, -0.5876267
2021,12,30,01,27,06,0520,ANCHOR_2, nil, nil, nil, nil
2021,12,30,01,27,06,0520,ANCHOR_0, 4.0798755, 0.7930893, 0.3107305, -0.52388555
2021,12,30,01,27,06,0520,ANCHOR_4, nil, nil, nil, nil
2021,12,30,01,27,06,0520,ANCHOR_5, 1.9579445, -0.6674837, -0.43125072, -0.6070324
2021,12,30,01,27,06,2520,ANCHOR_8, 2.4310172, -0.53671736, 0.52299315, -0.6621274
2021,12,30,01,27,06,2520,ANCHOR_6, 3.377162, -0.8184576, -0.0682029, -0.57050467
2021,12,30,01,27,06,2520,ANCHOR_7, 1.9156739, 0.67135257, 0.59855497, -0.43705574
2021,12,30,01,27,06,2520,ANCHOR_2, nil, nil, nil, nil
2021,12,30,01,27,06,2520,ANCHOR_0, 4.0798755, 0.7930893, 0.3107305, -0.52388555
2021,12,30,01,27,06,2520,ANCHOR_4, nil, nil, nil, nil
2021,12,30,01,27,06,2520,ANCHOR_5, 2.5011685, -0.7545015, -0.2637103, -0.6009862
2021,12,30,01,27,06,4520,ANCHOR_8, 2.3467753, -0.5327732, 0.5878029, -0.60880244
2021,12,30,01,27,06,4520,ANCHOR_6, 3.494381, -0.8184576, -0.0682029, -0.57050467
2021,12,30,01,27,06,4520,ANCHOR_7, 1.929764, 0.70371777, 0.50943017, -0.4952396
2021,12,30,01,27,06,4520,ANCHOR_2, nil, nil, nil, nil
2021,12,30,01,27,06,4520,ANCHOR_0, 4.0798755, 0.7930893, 0.3107305, -0.52388555
2021,12,30,01,27,06,4520,ANCHOR_4, nil, nil, nil, nil
2021,12,30,01,27,06,4520,ANCHOR_5, 2.1078408, -0.79246396, -0.21189158, -0.57192904
2021,12,30,01,27,06,6510,ANCHOR_8, 2.2247598, -0.50890523, 0.6364233, -0.57963854
2021,12,30,01,27,06,6510,ANCHOR_6, 3.4569068, -0.8184576, -0.0682029, -0.57050467
2021,12,30,01,27,06,6510,ANCHOR_7, 1.8455224, 0.70371777, 0.50943017, -0.4952396
2021,12,30,01,27,06,6510,ANCHOR_2, nil, nil, nil, nil
2021,12,30,01,27,06,6510,ANCHOR_0, 4.0798755, 0.7930893, 0.3107305, -0.52388555
2021,12,30,01,27,06,6510,ANCHOR_4, nil, nil, nil, nil
2021,12,30,01,27,06,6510,ANCHOR_5, 2.0889537, -0.78774124, -0.24208567, -0.5664435
2021,12,30,01,27,06,8520,ANCHOR_8, 2.1078408, -0.4273057, 0.71602213, -0.55201644
2021,12,30,01,27,06,8520,ANCHOR_6, 3.4287264, -0.8184576, -0.0682029, -0.57050467
2021,12,30,01,27,06,8520,ANCHOR_7, 1.7846645, 0.70371777, 0.50943017, -0.4952396
2021,12,30,01,27,06,8520,ANCHOR_2, nil, nil, nil, nil
2021,12,30,01,27,06,8520,ANCHOR_0, 4.4968867, 0.7930893, 0.3107305, -0.52388555
2021,12,30,01,27,06,8520,ANCHOR_4, nil, nil, nil, nil
2021,12,30,01,27,06,8520,ANCHOR_5, 2.0985472, -0.78774124, -0.24208567, -0.5664435
2021,12,30,01,27,07,0520,ANCHOR_8, 2.06557, -0.32252276, 0.7802716, -0.53586864
2021,12,30,01,27,07,0520,ANCHOR_6, 3.5177648, -0.8184576, -0.0682029, -0.57050467
2021,12,30,01,27,07,0520,ANCHOR_7, 1.6392652, 0.70371777, 0.50943017, -0.4952396
2021,12,30,01,27,07,0520,ANCHOR_2, nil, nil, nil, nil
2021,12,30,01,27,07,0520,ANCHOR_0, 4.4968867, 0.7930893, 0.3107305, -0.52388555
2021,12,30,01,27,07,0520,ANCHOR_4, nil, nil, nil, nil
2021,12,30,01,27,07,0520,ANCHOR_5, 2.1546085, -0.78774124, -0.24208567, -0.5664435
2021,12,30,01,27,07,2520,ANCHOR_8, 1.9906219, -0.10928663, 0.83098286, -0.54545754
2021,12,30,01,27,07,2520,ANCHOR_6, 3.3864555, -0.8184576, -0.0682029, -0.57050467
2021,12,30,01,27,07,2520,ANCHOR_7, 1.6581521, 0.70371777, 0.50943017, -0.4952396
2021,12,30,01,27,07,2520,ANCHOR_2, nil, nil, nil, nil
2021,12,30,01,27,07,2520,ANCHOR_0, 4.403052, 0.7930893, 0.3107305, -0.52388555
2021,12,30,01,27,07,2520,ANCHOR_4, nil, nil, nil, nil
2021,12,30,01,27,07,2520,ANCHOR_5, 2.1686985, -0.78774124, -0.24208567, -0.5664435
2021,12,30,01,27,07,4520,ANCHOR_8, 1.9249674, 0.06541809, 0.8220681, -0.56561863
2021,12,30,01,27,07,4520,ANCHOR_6, 3.3115075, -0.8184576, -0.0682029, -0.57050467
2021,12,30,01,27,07,4520,ANCHOR_7, 1.9390576, 0.70371777, 0.50943017, -0.4952396
2021,12,30,01,27,07,4520,ANCHOR_2, nil, nil, nil, nil
2021,12,30,01,27,07,4520,ANCHOR_0, 4.421939, 0.7930893, 0.3107305, -0.52388555
2021,12,30,01,27,07,4520,ANCHOR_4, nil, nil, nil, nil
2021,12,30,01,27,07,4520,ANCHOR_5, 2.1171343, -0.7735657, 0.029170597, -0.63304436
2021,12,30,01,27,07,6520,ANCHOR_8, 1.89229, 0.18574195, 0.81013393, -0.5560422
2021,12,30,01,27,07,6520,ANCHOR_6, 3.3070107, -0.8184576, -0.0682029, -0.57050467
2021,12,30,01,27,07,6520,ANCHOR_7, 1.929764, 0.70371777, 0.50943017, -0.4952396
2021,12,30,01,27,07,6520,ANCHOR_2, nil, nil, nil, nil
2021,12,30,01,27,07,6520,ANCHOR_0, 4.0235147, 0.7930893, 0.3107305, -0.52388555
2021,12,30,01,27,07,6520,ANCHOR_4, nil, nil, nil, nil
2021,12,30,01,27,07,6520,ANCHOR_5, 2.0562766, -0.7735657, 0.029170597, -0.63304436
2021,12,30,01,27,07,8520,ANCHOR_8, 1.8455224, 0.28502887, 0.77854615, -0.5591283
2021,12,30,01,27,07,8520,ANCHOR_6, 3.2461526, -0.8184576, -0.0682029, -0.57050467
2021,12,30,01,27,07,8520,ANCHOR_7, 1.929764, 0.70371777, 0.50943017, -0.4952396
2021,12,30,01,27,07,8520,ANCHOR_2, nil, nil, nil, nil
2021,12,30,01,27,07,8520,ANCHOR_0, 4.206388, 0.7930893, 0.3107305, -0.52388555
2021,12,30,01,27,07,8520,ANCHOR_4, nil, nil, nil, nil
2021,12,30,01,27,07,8520,ANCHOR_5, 2.0889537, -0.7735657, 0.029170597, -0.63304436
2021,12,30,01,27,08,0520,ANCHOR_8, 1.7798678, 0.35904676, 0.7648959, -0.5348081
2021,12,30,01,27,08,0520,ANCHOR_6, 3.2179723, -0.8184576, -0.0682029, -0.57050467
2021,12,30,01,27,08,0520,ANCHOR_7, 2.23885, 0.70371777, 0.50943017, -0.4952396
2021,12,30,01,27,08,0520,ANCHOR_2, nil, nil, nil, nil
2021,12,30,01,27,08,0520,ANCHOR_0, 4.154824, 0.7930893, 0.3107305, -0.52388555
2021,12,30,01,27,08,0520,ANCHOR_4, nil, nil, nil, nil
2021,12,30,01,27,08,0520,ANCHOR_5, 2.0188024, -0.8116438, 0.11543415, -0.5726337
2021,12,30,01,27,08,2520,ANCHOR_8, 1.7423937, 0.4446247, 0.6975286, -0.5619277
2021,12,30,01,27,08,2520,ANCHOR_6, 3.128934, -0.8184576, -0.0682029, -0.57050467
2021,12,30,01,27,08,2520,ANCHOR_7, 2.2061727, 0.70371777, 0.50943017, -0.4952396
2021,12,30,01,27,08,2520,ANCHOR_2, nil, nil, nil, nil
2021,12,30,01,27,08,2520,ANCHOR_0, 4.1173496, 0.7930893, 0.3107305, -0.52388555
2021,12,30,01,27,08,2520,ANCHOR_4, nil, nil, nil, nil
2021,12,30,01,27,08,2520,ANCHOR_5, 1.9579445, -0.7801255, 0.14283726, -0.60909915
2021,12,30,01,27,08,4520,ANCHOR_8, 1.6206781, 0.4446247, 0.6975286, -0.5619277
2021,12,30,01,27,08,4520,ANCHOR_6, 3.0680761, -0.79458386, 0.42650908, -0.43211862
2021,12,30,01,27,08,4520,ANCHOR_7, 1.9954185, 0.70371777, 0.50943017, -0.4952396
2021,12,30,01,27,08,4520,ANCHOR_2, nil, nil, nil, nil
2021,12,30,01,27,08,4520,ANCHOR_0, 4.224975, 0.7930893, 0.3107305, -0.52388555
2021,12,30,01,27,08,4520,ANCHOR_4, nil, nil, nil, nil
2021,12,30,01,27,08,4520,ANCHOR_5, 1.9813284, -0.7801255, 0.14283726, -0.60909915
2021,12,30,01,27,08,6510,ANCHOR_8, 1.5457299, 0.4446247, 0.6975286, -0.5619277
2021,12,30,01,27,08,6510,ANCHOR_6, 3.0866632, -0.7225777, 0.49410558, -0.48346785
2021,12,30,01,27,08,6510,ANCHOR_7, 2.0235991, 0.70371777, 0.50943017, -0.4952396
2021,12,30,01,27,08,6510,ANCHOR_2, nil, nil, nil, nil
2021,12,30,01,27,08,6510,ANCHOR_0, 4.2156816, 0.7930893, 0.3107305, -0.52388555
2021,12,30,01,27,08,6510,ANCHOR_4, nil, nil, nil, nil
2021,12,30,01,27,08,6510,ANCHOR_5, 1.9999155, -0.7801255, 0.14283726, -0.60909915
2021,12,30,01,27,08,8520,ANCHOR_8, 1.5457299, 0.4446247, 0.6975286, -0.5619277
2021,12,30,01,27,08,8520,ANCHOR_6, 3.0866632, -0.7225777, 0.49410558, -0.48346785
2021,12,30,01,27,08,8520,ANCHOR_7, 2.1123376, 0.70371777, 0.50943017, -0.4952396
2021,12,30,01,27,08,8520,ANCHOR_2, nil, nil, nil, nil
2021,12,30,01,27,08,8520,ANCHOR_0, 4.360781, 0.7930893, 0.3107305, -0.52388555
2021,12,30,01,27,08,8520,ANCHOR_4, nil, nil, nil, nil
2021,12,30,01,27,08,8520,ANCHOR_5, 2.0985472, -0.7801255, 0.14283726, -0.60909915
2021,12,30,01,27,09,0520,ANCHOR_8, 1.5364363, 0.4446247, 0.6975286, -0.5619277
2021,12,30,01,27,09,0520,ANCHOR_6, 2.9415636, -0.58344716, 0.5829571, -0.5654649
2021,12,30,01,27,09,0520,ANCHOR_7, 2.177992, 0.70371777, 0.50943017, -0.4952396
2021,12,30,01,27,09,0520,ANCHOR_2, nil, nil, nil, nil
2021,12,30,01,27,09,0520,ANCHOR_0, 4.3937583, 0.7930893, 0.3107305, -0.52388555
2021,12,30,01,27,09,0520,ANCHOR_4, nil, nil, nil, nil
2021,12,30,01,27,09,0520,ANCHOR_5, 1.9813284, -0.7801255, 0.14283726, -0.60909915
2021,12,30,01,27,09,2520,ANCHOR_8, 1.4333078, 0.4446247, 0.6975286, -0.5619277
2021,12,30,01,27,09,2520,ANCHOR_6, 2.9229765, -0.5368942, 0.5721808, -0.6199627
2021,12,30,01,27,09,2520,ANCHOR_7, 2.23885, 0.70371777, 0.50943017, -0.4952396
2021,12,30,01,27,09,2520,ANCHOR_2, nil, nil, nil, nil
2021,12,30,01,27,09,2520,ANCHOR_0, 4.4264355, 0.7930893, 0.3107305, -0.52388555
2021,12,30,01,27,09,2520,ANCHOR_4, nil, nil, nil, nil
2021,12,30,01,27,09,2520,ANCHOR_5, 1.854816, -0.7801255, 0.14283726, -0.60909915
2021,12,30,01,27,09,4520,ANCHOR_8, 1.3676533, 0.4446247, 0.6975286, -0.5619277
2021,12,30,01,27,09,4520,ANCHOR_6, 2.8339381, -0.5351251, 0.56041646, -0.6321191
2021,12,30,01,27,09,4520,ANCHOR_7, 2.2859175, 0.70371777, 0.50943017, -0.4952396
2021,12,30,01,27,09,4520,ANCHOR_2, nil, nil, nil, nil
2021,12,30,01,27,09,4520,ANCHOR_0, 4.478, 0.7930893, 0.3107305, -0.52388555
2021,12,30,01,27,09,4520,ANCHOR_4, nil, nil, nil, nil
2021,12,30,01,27,09,4520,ANCHOR_5, 1.9345608, -0.7801255, 0.14283726, -0.60909915
2021,12,30,01,27,09,6520,ANCHOR_8, 1.3676533, 0.4446247, 0.6975286, -0.5619277
2021,12,30,01,27,09,6520,ANCHOR_6, 2.7308095, -0.62006855, 0.40092936, -0.67436683
2021,12,30,01,27,09,6520,ANCHOR_7, 2.8807058, 0.70371777, 0.50943017, -0.4952396
2021,12,30,01,27,09,6520,ANCHOR_2, nil, nil, nil, nil
2021,12,30,01,27,09,6520,ANCHOR_0, 4.5295644, 0.7930893, 0.3107305, -0.52388555
2021,12,30,01,27,09,6520,ANCHOR_4, nil, nil, nil, nil
2021,12,30,01,27,09,6520,ANCHOR_5, 1.7238066, -0.7801255, 0.14283726, -0.60909915
2021,12,30,01,27,09,8520,ANCHOR_8, 1.3676533, 0.4446247, 0.6975286, -0.5619277
2021,12,30,01,27,09,8520,ANCHOR_6, 2.7308095, -0.6236946, 0.44489202, -0.64271
2021,12,30,01,27,09,8520,ANCHOR_7, 2.9979246, 0.70371777, 0.50943017, -0.4952396
2021,12,30,01,27,09,8520,ANCHOR_2, nil, nil, nil, nil
2021,12,30,01,27,09,8520,ANCHOR_0, 4.5061803, 0.7930893, 0.3107305, -0.52388555
2021,12,30,01,27,09,8520,ANCHOR_4, nil, nil, nil, nil
2021,12,30,01,27,09,8520,ANCHOR_5, 1.6908295, -0.7801255, 0.14283726, -0.60909915
2021,12,30,01,27,10,0520,ANCHOR_8, 1.3676533, 0.4446247, 0.6975286, -0.5619277
2021,12,30,01,27,10,0520,ANCHOR_6, 2.7868707, -0.6236946, 0.44489202, -0.64271
2021,12,30,01,27,10,0520,ANCHOR_7, 2.5107617, 0.70371777, 0.50943017, -0.4952396
2021,12,30,01,27,10,0520,ANCHOR_2, nil, nil, nil, nil
2021,12,30,01,27,10,0520,ANCHOR_0, 4.5577445, -0.8122243, -0.22119114, -0.5397834
2021,12,30,01,27,10,0520,ANCHOR_4, nil, nil, nil, nil
2021,12,30,01,27,10,0520,ANCHOR_5, 1.8266355, -0.7801255, 0.14283726, -0.60909915
2021,12,30,01,27,10,2520,ANCHOR_8, 1.3208855, 0.4446247, 0.6975286, -0.5619277
2021,12,30,01,27,10,2520,ANCHOR_6, 2.7493966, -0.63902515, 0.45472318, -0.6203819
2021,12,30,01,27,10,2520,ANCHOR_7, 2.6558614, 0.70371777, 0.50943017, -0.4952396
2021,12,30,01,27,10,2520,ANCHOR_2, nil, nil, nil, nil
2021,12,30,01,27,10,2520,ANCHOR_0, 4.5106773, -0.8122243, -0.22119114, -0.5397834
2021,12,30,01,27,10,2520,ANCHOR_4, nil, nil, nil, nil
2021,12,30,01,27,10,2520,ANCHOR_5, 2.2529404, -0.77826846, 0.3724355, -0.505559
2021,12,30,01,27,10,4510,ANCHOR_8, 1.3583596, 0.4446247, 0.6975286, -0.5619277
2021,12,30,01,27,10,4510,ANCHOR_6, 2.7493966, -0.63902515, 0.45472318, -0.6203819
2021,12,30,01,27,10,4510,ANCHOR_7, 2.6324775, 0.70371777, 0.50943017, -0.4952396
2021,12,30,01,27,10,4510,ANCHOR_2, nil, nil, nil, nil
2021,12,30,01,27,10,4510,ANCHOR_0, 4.5247674, -0.8122243, -0.22119114, -0.5397834
2021,12,30,01,27,10,4510,ANCHOR_4, nil, nil, nil, nil
2021,12,30,01,27,10,4510,ANCHOR_5, 2.2247598, -0.77826846, 0.3724355, -0.505559
2021,12,30,01,27,10,6520,ANCHOR_8, 1.2600276, 0.4446247, 0.6975286, -0.5619277
2021,12,30,01,27,10,6520,ANCHOR_6, 2.740103, -0.63902515, 0.45472318, -0.6203819
2021,12,30,01,27,10,6520,ANCHOR_7, 2.796464, 0.70371777, 0.50943017, -0.4952396
2021,12,30,01,27,10,6520,ANCHOR_2, nil, nil, nil, nil
2021,12,30,01,27,10,6520,ANCHOR_0, 4.5856256, -0.8122243, -0.22119114, -0.5397834
2021,12,30,01,27,10,6520,ANCHOR_4, nil, nil, nil, nil
2021,12,30,01,27,10,6520,ANCHOR_5, 1.756484, -0.77826846, 0.3724355, -0.505559
2021,12,30,01,27,10,8520,ANCHOR_8, 1.2318472, 0.4446247, 0.6975286, -0.5619277
2021,12,30,01,27,10,8520,ANCHOR_6, 2.7074256, -0.63902515, 0.45472318, -0.6203819
2021,12,30,01,27,10,8520,ANCHOR_7, 2.796464, 0.70371777, 0.50943017, -0.4952396
2021,12,30,01,27,10,8520,ANCHOR_2, nil, nil, nil, nil
2021,12,30,01,27,10,8520,ANCHOR_0, 4.613806, -0.8122243, -0.22119114, -0.5397834
2021,12,30,01,27,10,8520,ANCHOR_4, nil, nil, nil, nil
2021,12,30,01,27,10,8520,ANCHOR_5, 1.5127528, -0.77826846, 0.3724355, -0.505559
2021,12,30,01,27,11,0520,ANCHOR_8, 1.3349758, 0.4446247, 0.6975286, -0.5619277
2021,12,30,01,27,11,0520,ANCHOR_6, 2.393543, -0.71787393, 0.34107962, -0.60689515
2021,12,30,01,27,11,0520,ANCHOR_7, 2.75899, 0.70371777, 0.50943017, -0.4952396
2021,12,30,01,27,11,0520,ANCHOR_2, nil, nil, nil, nil
2021,12,30,01,27,11,0520,ANCHOR_0, 4.646783, -0.8122243, -0.22119114, -0.5397834
2021,12,30,01,27,11,0520,ANCHOR_4, nil, nil, nil, nil
2021,12,30,01,27,11,0520,ANCHOR_5, 1.7987547, -0.77826846, 0.3724355, -0.505559
2021,12,30,01,27,11,2520,ANCHOR_8, 1.1943731, 0.4446247, 0.6975286, -0.5619277
2021,12,30,01,27,11,2520,ANCHOR_6, 2.3137982, -0.5937533, 0.4225218, -0.6847863
2021,12,30,01,27,11,2520,ANCHOR_7, 2.815051, 0.70371777, 0.50943017, -0.4952396
2021,12,30,01,27,11,2520,ANCHOR_2, nil, nil, nil, nil
2021,12,30,01,27,11,2520,ANCHOR_0, 4.632693, -0.8122243, -0.22119114, -0.5397834
2021,12,30,01,27,11,2520,ANCHOR_4, nil, nil, nil, nil
2021,12,30,01,27,11,2520,ANCHOR_5, 1.756484, -0.77826846, 0.3724355, -0.505559
2021,12,30,01,27,11,4520,ANCHOR_8, 1.4518949, 0.4446247, 0.6975286, -0.5619277
2021,12,30,01,27,11,4520,ANCHOR_6, 2.5575294, -0.5442875, 0.4378676, -0.7155579
2021,12,30,01,27,11,4520,ANCHOR_7, 3.2413561, 0.70371777, 0.50943017, -0.4952396
2021,12,30,01,27,11,4520,ANCHOR_2, nil, nil, nil, nil
2021,12,30,01,27,11,4520,ANCHOR_0, 4.632693, -0.8122243, -0.22119114, -0.5397834
2021,12,30,01,27,11,4520,ANCHOR_4, nil, nil, nil, nil
2021,12,30,01,27,11,4520,ANCHOR_5, 2.06557, -0.77826846, 0.3724355, -0.505559
2021,12,30,01,27,11,6520,ANCHOR_8, 1.4848721, 0.4446247, 0.6975286, -0.5619277
2021,12,30,01,27,11,6520,ANCHOR_6, 2.1171343, -0.5546726, 0.44041717, -0.705954
2021,12,30,01,27,11,6520,ANCHOR_7, 2.9931278, 0.70371777, 0.50943017, -0.4952396
2021,12,30,01,27,11,6520,ANCHOR_2, nil, nil, nil, nil
2021,12,30,01,27,11,6520,ANCHOR_0, 4.6278963, -0.8122243, -0.22119114, -0.5397834
2021,12,30,01,27,11,6520,ANCHOR_4, nil, nil, nil, nil
2021,12,30,01,27,11,6520,ANCHOR_5, 2.0373895, -0.77826846, 0.3724355, -0.505559
2021,12,30,01,27,11,8510,ANCHOR_8, 1.4893689, 0.4446247, 0.6975286, -0.5619277
2021,12,30,01,27,11,8510,ANCHOR_6, 2.0235991, -0.5218397, 0.23807085, -0.8191494
2021,12,30,01,27,11,8510,ANCHOR_7, 3.3912523, 0.70371777, 0.50943017, -0.4952396
2021,12,30,01,27,11,8510,ANCHOR_2, nil, nil, nil, nil
2021,12,30,01,27,11,8510,ANCHOR_0, 4.65128, -0.79761845, -0.2741839, -0.5372411
2021,12,30,01,27,11,8510,ANCHOR_4, nil, nil, nil, nil
2021,12,30,01,27,11,8510,ANCHOR_5, 2.0562766, -0.77826846, 0.3724355, -0.505559
2021,12,30,01,27,12,0520,ANCHOR_8, 1.4144208, 0.4446247, 0.6975286, -0.5619277
2021,12,30,01,27,12,0520,ANCHOR_6, 1.9954185, -0.5899561, 0.34226045, -0.7313068
2021,12,30,01,27,12,0520,ANCHOR_7, 3.3115075, 0.70371777, 0.50943017, -0.4952396
2021,12,30,01,27,12,0520,ANCHOR_2, nil, nil, nil, nil
2021,12,30,01,27,12,0520,ANCHOR_0, 4.6935506, -0.79761845, -0.2741839, -0.5372411
2021,12,30,01,27,12,0520,ANCHOR_4, nil, nil, nil, nil
2021,12,30,01,27,12,0520,ANCHOR_5, 1.8407257, -0.77826846, 0.3724355, -0.505559
2021,12,30,01,27,12,2510,ANCHOR_8, 1.4941657, 0.4446247, 0.6975286, -0.5619277
2021,12,30,01,27,12,2510,ANCHOR_6, 2.41213, -0.5899561, 0.34226045, -0.7313068
2021,12,30,01,27,12,2510,ANCHOR_7, 3.512968, 0.70371777, 0.50943017, -0.4952396
2021,12,30,01,27,12,2510,ANCHOR_2, nil, nil, nil, nil
2021,12,30,01,27,12,2510,ANCHOR_0, 4.7310247, -0.79761845, -0.2741839, -0.5372411
2021,12,30,01,27,12,2510,ANCHOR_4, nil, nil, nil, nil
2021,12,30,01,27,12,2510,ANCHOR_5, 1.564317, 0.042295717, 0.021581814, -0.99887204
2021,12,30,01,27,12,4510,ANCHOR_8, 1.6440618, 0.4446247, 0.6975286, -0.5619277
2021,12,30,01,27,12,4510,ANCHOR_6, 1.9345608, -0.6630734, 0.39294058, -0.63712746
2021,12,30,01,27,12,4510,ANCHOR_7, 3.2320626, 0.70371777, 0.50943017, -0.4952396
2021,12,30,01,27,12,4510,ANCHOR_2, nil, nil, nil, nil
2021,12,30,01,27,12,4510,ANCHOR_0, 4.8434467, -0.79761845, -0.2741839, -0.5372411
2021,12,30,01,27,12,4510,ANCHOR_4, nil, nil, nil, nil
2021,12,30,01,27,12,4510,ANCHOR_5, 1.564317, 0.042295717, 0.021581814, -0.99887204
2021,12,30,01,27,12,6520,ANCHOR_8, 1.6299716, 0.4446247, 0.6975286, -0.5619277
2021,12,30,01,27,12,6520,ANCHOR_6, 1.9345608, -0.6630734, 0.39294058, -0.63712746
2021,12,30,01,27,12,6520,ANCHOR_7, 3.2320626, 0.70371777, 0.50943017, -0.4952396
2021,12,30,01,27,12,6520,ANCHOR_2, nil, nil, nil, nil
2021,12,30,01,27,12,6520,ANCHOR_0, 5.0449076, -0.79761845, -0.2741839, -0.5372411
2021,12,30,01,27,12,6520,ANCHOR_4, nil, nil, nil, nil
2021,12,30,01,27,12,6520,ANCHOR_5, 1.6206781, 0.042295717, 0.021581814, -0.99887204
2021,12,30,01,27,12,8520,ANCHOR_8, 1.7097164, 0.4446247, 0.6975286, -0.5619277
2021,12,30,01,27,12,8520,ANCHOR_6, 1.8596126, -0.8119134, 0.3697655, -0.4517412
2021,12,30,01,27,12,8520,ANCHOR_7, 4.239065, 0.70371777, 0.50943017, -0.4952396
2021,12,30,01,27,12,8520,ANCHOR_2, nil, nil, nil, nil
2021,12,30,01,27,12,8520,ANCHOR_0, 4.951072, -0.79761845, -0.2741839, -0.5372411
2021,12,30,01,27,12,8520,ANCHOR_4, nil, nil, nil, nil
2021,12,30,01,27,12,8520,ANCHOR_5, 1.6206781, 0.042295717, 0.021581814, -0.99887204
2021,12,30,01,27,13,0520,ANCHOR_8, 1.6533554, 0.4446247, 0.6975286, -0.5619277
2021,12,30,01,27,13,0520,ANCHOR_6, 1.8455224, -0.8119134, 0.3697655, -0.4517412
2021,12,30,01,27,13,0520,ANCHOR_7, 4.2297716, 0.70371777, 0.50943017, -0.4952396
2021,12,30,01,27,13,0520,ANCHOR_2, nil, nil, nil, nil
2021,12,30,01,27,13,0520,ANCHOR_0, 4.99784, -0.79761845, -0.2741839, -0.5372411
2021,12,30,01,27,13,0520,ANCHOR_4, nil, nil, nil, nil
2021,12,30,01,27,13,0520,ANCHOR_5, 1.6206781, 0.042295717, 0.021581814, -0.99887204
2021,12,30,01,27,13,2520,ANCHOR_8, 1.7657776, 0.4446247, 0.6975286, -0.5619277
2021,12,30,01,27,13,2520,ANCHOR_6, 1.7612807, -0.8119134, 0.3697655, -0.4517412
2021,12,30,01,27,13,2520,ANCHOR_7, 4.173411, 0.70371777, 0.50943017, -0.4952396
2021,12,30,01,27,13,2520,ANCHOR_2, nil, nil, nil, nil
2021,12,30,01,27,13,2520,ANCHOR_0, 4.9699593, -0.79761845, -0.2741839, -0.5372411
2021,12,30,01,27,13,2520,ANCHOR_4, nil, nil, nil, nil
2021,12,30,01,27,13,2520,ANCHOR_5, 1.6626489, 0.042295717, 0.021581814, -0.99887204
2021,12,30,01,27,13,4520,ANCHOR_8, 1.7891614, 0.4446247, 0.6975286, -0.5619277
2021,12,30,01,27,13,4520,ANCHOR_6, 1.71901, -0.8119134, 0.3697655, -0.4517412
2021,12,30,01,27,13,4520,ANCHOR_7, 4.4498196, 0.70371777, 0.50943017, -0.4952396
2021,12,30,01,27,13,4520,ANCHOR_2, nil, nil, nil, nil
2021,12,30,01,27,13,4520,ANCHOR_0, 5.0260205, -0.79761845, -0.2741839, -0.5372411
2021,12,30,01,27,13,4520,ANCHOR_4, nil, nil, nil, nil
2021,12,30,01,27,13,4520,ANCHOR_5, 1.6626489, 0.042295717, 0.021581814, -0.99887204
2021,12,30,01,27,13,6520,ANCHOR_8, 1.6956261, 0.4446247, 0.6975286, -0.5619277
2021,12,30,01,27,13,6520,ANCHOR_6, 1.7142133, -0.8119134, 0.3697655, -0.4517412
2021,12,30,01,27,13,6520,ANCHOR_7, 4.2624493, 0.70371777, 0.50943017, -0.4952396
2021,12,30,01,27,13,6520,ANCHOR_2, nil, nil, nil, nil
2021,12,30,01,27,13,6520,ANCHOR_0, 5.0074334, -0.79761845, -0.2741839, -0.5372411
2021,12,30,01,27,13,6520,ANCHOR_4, nil, nil, nil, nil
2021,12,30,01,27,13,6520,ANCHOR_5, 1.71901, 0.042295717, 0.021581814, -0.99887204
2021,12,30,01,27,13,8520,ANCHOR_8, 1.6392652, 0.4446247, 0.6975286, -0.5619277
2021,12,30,01,27,13,8520,ANCHOR_6, 1.7423937, -0.8119134, 0.3697655, -0.4517412
2021,12,30,01,27,13,8520,ANCHOR_7, 3.8832116, 0.70371777, 0.50943017, -0.4952396
2021,12,30,01,27,13,8520,ANCHOR_2, nil, nil, nil, nil
2021,12,30,01,27,13,8520,ANCHOR_0, 5.0823817, -0.79761845, -0.2741839, -0.5372411
2021,12,30,01,27,13,8520,ANCHOR_4, nil, nil, nil, nil
2021,12,30,01,27,13,8520,ANCHOR_5, 1.7331002, 0.042295717, 0.021581814, -0.99887204
2021,12,30,01,27,14,0520,ANCHOR_8, 1.5691137, 0.4446247, 0.6975286, -0.5619277
2021,12,30,01,27,14,0520,ANCHOR_6, 1.756484, -0.8119134, 0.3697655, -0.4517412
2021,12,30,01,27,14,0520,ANCHOR_7, 4.4687066, 0.70371777, 0.50943017, -0.4952396
2021,12,30,01,27,14,0520,ANCHOR_2, nil, nil, nil, nil
2021,12,30,01,27,14,0520,ANCHOR_0, 5.2601585, -0.79761845, -0.2741839, -0.5372411
2021,12,30,01,27,14,0520,ANCHOR_4, nil, nil, nil, nil
2021,12,30,01,27,14,0520,ANCHOR_5, 1.7331002, 0.042295717, 0.021581814, -0.99887204
2021,12,30,01,27,14,2520,ANCHOR_8, 1.5409333, 0.4446247, 0.6975286, -0.5619277
2021,12,30,01,27,14,2520,ANCHOR_6, 1.7657776, -0.8119134, 0.3697655, -0.4517412
2021,12,30,01,27,14,2520,ANCHOR_7, 4.0984626, 0.70371777, 0.50943017, -0.4952396
2021,12,30,01,27,14,2520,ANCHOR_2, nil, nil, nil, nil
2021,12,30,01,27,14,2520,ANCHOR_0, 5.2742486, -0.79761845, -0.2741839, -0.5372411
2021,12,30,01,27,14,2520,ANCHOR_4, nil, nil, nil, nil
2021,12,30,01,27,14,2520,ANCHOR_5, 1.7331002, 0.042295717, 0.021581814, -0.99887204
2021,12,30,01,27,14,4520,ANCHOR_8, 1.526843, 0.4446247, 0.6975286, -0.5619277
2021,12,30,01,27,14,4520,ANCHOR_6, 2.276324, -0.8119134, 0.3697655, -0.4517412
2021,12,30,01,27,14,4520,ANCHOR_7, 4.4078484, 0.70371777, 0.50943017, -0.4952396
2021,12,30,01,27,14,4520,ANCHOR_2, nil, nil, nil, nil
2021,12,30,01,27,14,4520,ANCHOR_0, 5.3399034, -0.79761845, -0.2741839, -0.5372411
2021,12,30,01,27,14,4520,ANCHOR_4, nil, nil, nil, nil
2021,12,30,01,27,14,4520,ANCHOR_5, 1.7331002, 0.042295717, 0.021581814, -0.99887204
2021,12,30,01,27,14,6520,ANCHOR_8, 1.6017911, 0.4446247, 0.6975286, -0.5619277
2021,12,30,01,27,14,6520,ANCHOR_6, 2.276324, -0.8119134, 0.3697655, -0.4517412
2021,12,30,01,27,14,6520,ANCHOR_7, 4.4078484, 0.70371777, 0.50943017, -0.4952396
2021,12,30,01,27,14,6520,ANCHOR_2, nil, nil, nil, nil
2021,12,30,01,27,14,6520,ANCHOR_0, 5.3914676, -0.79761845, -0.2741839, -0.5372411
2021,12,30,01,27,14,6520,ANCHOR_4, nil, nil, nil, nil
2021,12,30,01,27,14,6520,ANCHOR_5, 1.8781997, 0.042295717, 0.021581814, -0.99887204
2021,12,30,01,27,14,8520,ANCHOR_8, 1.7238066, 0.4446247, 0.6975286, -0.5619277
2021,12,30,01,27,14,8520,ANCHOR_6, 2.276324, -0.8119134, 0.3697655, -0.4517412
2021,12,30,01,27,14,8520,ANCHOR_7, 4.31881, 0.70371777, 0.50943017, -0.4952396
2021,12,30,01,27,14,8520,ANCHOR_2, nil, nil, nil, nil
2021,12,30,01,27,14,8520,ANCHOR_0, 5.443032, -0.79761845, -0.2741839, -0.5372411
2021,12,30,01,27,14,8520,ANCHOR_4, nil, nil, nil, nil
2021,12,30,01,27,14,8520,ANCHOR_5, 1.8781997, 0.042295717, 0.021581814, -0.99887204
2021,12,30,01,27,15,0520,ANCHOR_8, 1.7471905, 0.4446247, 0.6975286, -0.5619277
2021,12,30,01,27,15,0520,ANCHOR_6, 2.2484434, -0.8119134, 0.3697655, -0.4517412
2021,12,30,01,27,15,0520,ANCHOR_7, 4.885418, 0.70371777, 0.50943017, -0.4952396
2021,12,30,01,27,15,0520,ANCHOR_2, nil, nil, nil, nil
2021,12,30,01,27,15,0520,ANCHOR_0, 5.485003, -0.79761845, -0.2741839, -0.5372411
2021,12,30,01,27,15,0520,ANCHOR_4, nil, nil, nil, nil
2021,12,30,01,27,15,0520,ANCHOR_5, 2.3233914, 0.042295717, 0.021581814, -0.99887204
2021,12,30,01,27,15,2520,ANCHOR_8, 1.7471905, 0.4446247, 0.6975286, -0.5619277
2021,12,30,01,27,15,2520,ANCHOR_6, 2.2484434, -0.8119134, 0.3697655, -0.4517412
2021,12,30,01,27,15,2520,ANCHOR_7, 5.0775847, 0.70371777, 0.50943017, -0.4952396
2021,12,30,01,27,15,2520,ANCHOR_2, nil, nil, nil, nil
2021,12,30,01,27,15,2520,ANCHOR_0, 5.709847, -0.79761845, -0.2741839, -0.5372411
2021,12,30,01,27,15,2520,ANCHOR_4, nil, nil, nil, nil
2021,12,30,01,27,15,2520,ANCHOR_5, 2.121931, 0.042295717, 0.021581814, -0.99887204
2021,12,30,01,27,15,4520,ANCHOR_8, 1.7471905, 0.4446247, 0.6975286, -0.5619277
2021,12,30,01,27,15,4520,ANCHOR_6, 2.0421863, -0.7382707, -0.02584438, -0.67400926
2021,12,30,01,27,15,4520,ANCHOR_7, 5.096472, 0.70371777, 0.50943017, -0.4952396
2021,12,30,01,27,15,4520,ANCHOR_2, nil, nil, nil, nil
2021,12,30,01,27,15,4520,ANCHOR_0, 5.7988853, -0.79761845, -0.2741839, -0.5372411
2021,12,30,01,27,15,4520,ANCHOR_4, nil, nil, nil, nil
2021,12,30,01,27,15,4520,ANCHOR_5, 2.1360214, 0.042295717, 0.021581814, -0.99887204
2021,12,30,01,27,15,6520,ANCHOR_8, 2.0562766, 0.4446247, 0.6975286, -0.5619277
2021,12,30,01,27,15,6520,ANCHOR_6, 2.0421863, -0.7382707, -0.02584438, -0.67400926
2021,12,30,01,27,15,6520,ANCHOR_7, 5.068291, 0.70371777, 0.50943017, -0.4952396
2021,12,30,01,27,15,6520,ANCHOR_2, nil, nil, nil, nil
2021,12,30,01,27,15,6520,ANCHOR_0, 5.5836344, -0.79761845, -0.2741839, -0.5372411
2021,12,30,01,27,15,6520,ANCHOR_4, nil, nil, nil, nil
2021,12,30,01,27,15,6520,ANCHOR_5, 4.0331078, 0.042295717, 0.021581814, -0.99887204
2021,12,30,01,27,15,8520,ANCHOR_8, 2.6135907, 0.4446247, 0.6975286, -0.5619277
2021,12,30,01,27,15,8520,ANCHOR_6, 3.0821662, -0.67445105, -0.108477525, -0.7303071
2021,12,30,01,27,15,8520,ANCHOR_7, 5.068291, 0.70371777, 0.50943017, -0.4952396
2021,12,30,01,27,15,8520,ANCHOR_2, nil, nil, nil, nil
2021,12,30,01,27,15,8520,ANCHOR_0, 5.747321, -0.79761845, -0.2741839, -0.5372411
2021,12,30,01,27,15,8520,ANCHOR_4, nil, nil, nil, nil
2021,12,30,01,27,15,8520,ANCHOR_5, 4.1970944, 0.042295717, 0.021581814, -0.99887204
2021,12,30,01,27,16,0520,ANCHOR_8, 2.220263, 0.8049519, -0.38056108, -0.45522055
2021,12,30,01,27,16,0520,ANCHOR_6, 3.0821662, -0.67445105, -0.108477525, -0.7303071
2021,12,30,01,27,16,0520,ANCHOR_7, 5.18521, 0.70371777, 0.50943017, -0.4952396
2021,12,30,01,27,16,0520,ANCHOR_2, nil, nil, nil, nil
2021,12,30,01,27,16,0520,ANCHOR_0, 5.7005534, -0.79761845, -0.2741839, -0.5372411
2021,12,30,01,27,16,0520,ANCHOR_4, nil, nil, nil, nil
2021,12,30,01,27,16,0520,ANCHOR_5, 4.1970944, 0.042295717, 0.021581814, -0.99887204
2021,12,30,01,27,16,2520,ANCHOR_8, 2.1171343, 0.8049519, -0.38056108, -0.45522055
2021,12,30,01,27,16,2520,ANCHOR_6, 3.0821662, -0.67445105, -0.108477525, -0.7303071
2021,12,30,01,27,16,2520,ANCHOR_7, 5.1618266, 0.70371777, 0.50943017, -0.4952396
2021,12,30,01,27,16,2520,ANCHOR_2, nil, nil, nil, nil
2021,12,30,01,27,16,2520,ANCHOR_0, 5.8363595, -0.79761845, -0.2741839, -0.5372411
2021,12,30,01,27,16,2520,ANCHOR_4, nil, nil, nil, nil
2021,12,30,01,27,16,2520,ANCHOR_5, 2.295211, 0.042295717, 0.021581814, -0.99887204
2021,12,30,01,27,16,4520,ANCHOR_8, 2.145315, 0.8049519, -0.38056108, -0.45522055
2021,12,30,01,27,16,4520,ANCHOR_6, 2.028096, -0.707217, -0.14196356, -0.6925969
2021,12,30,01,27,16,4520,ANCHOR_7, 5.302429, 0.70371777, 0.50943017, -0.4952396
2021,12,30,01,27,16,4520,ANCHOR_2, nil, nil, nil, nil
2021,12,30,01,27,16,4520,ANCHOR_0, 5.9862556, -0.79761845, -0.2741839, -0.5372411
2021,12,30,01,27,16,4520,ANCHOR_4, nil, nil, nil, nil
2021,12,30,01,27,16,4520,ANCHOR_5, 2.1920824, 0.042295717, 0.021581814, -0.99887204
2021,12,30,01,27,16,6520,ANCHOR_8, 2.2154663, 0.66893643, -0.39518598, -0.62956494
2021,12,30,01,27,16,6520,ANCHOR_6, 1.8970866, -0.707217, -0.14196356, -0.6925969
2021,12,30,01,27,16,6520,ANCHOR_7, 5.5086865, 0.70371777, 0.50943017, -0.4952396
2021,12,30,01,27,16,6520,ANCHOR_2, nil, nil, nil, nil
2021,12,30,01,27,16,6520,ANCHOR_0, 5.9862556, -0.79761845, -0.2741839, -0.5372411
2021,12,30,01,27,16,6520,ANCHOR_4, nil, nil, nil, nil
2021,12,30,01,27,16,6520,ANCHOR_5, 2.1920824, 0.042295717, 0.021581814, -0.99887204
2021,12,30,01,27,16,8520,ANCHOR_8, 3.9251826, 0.21756238, -0.560405, -0.7991326
2021,12,30,01,27,16,8520,ANCHOR_6, 1.9531479, -0.707217, -0.14196356, -0.6925969
2021,12,30,01,27,16,8520,ANCHOR_7, 5.5086865, 0.70371777, 0.50943017, -0.4952396
2021,12,30,01,27,16,8520,ANCHOR_2, nil, nil, nil, nil
2021,12,30,01,27,16,8520,ANCHOR_0, 5.9862556, -0.79761845, -0.2741839, -0.5372411
2021,12,30,01,27,16,8520,ANCHOR_4, nil, nil, nil, nil
2021,12,30,01,27,16,8520,ANCHOR_5, 2.1920824, 0.042295717, 0.021581814, -0.99887204
2021,12,30,01,27,17,0520,ANCHOR_8, 3.9251826, 0.21756238, -0.560405, -0.7991326
2021,12,30,01,27,17,0520,ANCHOR_6, 1.4192175, -0.8035146, -0.18267488, -0.5665635
2021,12,30,01,27,17,0520,ANCHOR_7, 4.904305, 0.70371777, 0.50943017, -0.4952396
2021,12,30,01,27,17,0520,ANCHOR_2, nil, nil, nil, nil
2021,12,30,01,27,17,0520,ANCHOR_0, 6.6140213, -0.79761845, -0.2741839, -0.5372411
2021,12,30,01,27,17,0520,ANCHOR_4, nil, nil, nil, nil
2021,12,30,01,27,17,0520,ANCHOR_5, 4.112553, 0.042295717, 0.021581814, -0.99887204
2021,12,30,01,27,17,2520,ANCHOR_8, 2.3560688, 0.21756238, -0.560405, -0.7991326
2021,12,30,01,27,17,2520,ANCHOR_6, 1.5598202, -0.7917664, -0.015217847, -0.6106344
2021,12,30,01,27,17,2520,ANCHOR_7, 4.904305, 0.70371777, 0.50943017, -0.4952396
2021,12,30,01,27,17,2520,ANCHOR_2, nil, nil, nil, nil
2021,12,30,01,27,17,2520,ANCHOR_0, 6.6140213, -0.79761845, -0.2741839, -0.5372411
2021,12,30,01,27,17,2520,ANCHOR_4, nil, nil, nil, nil
2021,12,30,01,27,17,2520,ANCHOR_5, 4.1782074, -0.35951477, 0.445715, -0.81980926
2021,12,30,01,27,17,4520,ANCHOR_8, 2.3560688, 0.21756238, -0.560405, -0.7991326
2021,12,30,01,27,17,4520,ANCHOR_6, 2.0937505, -0.7917664, -0.015217847, -0.6106344
2021,12,30,01,27,17,4520,ANCHOR_7, 6.1034746, 0.70371777, 0.50943017, -0.4952396
2021,12,30,01,27,17,4520,ANCHOR_2, nil, nil, nil, nil
2021,12,30,01,27,17,4520,ANCHOR_0, 6.773211, -0.79761845, -0.2741839, -0.5372411
2021,12,30,01,27,17,4520,ANCHOR_4, nil, nil, nil, nil
2021,12,30,01,27,17,4520,ANCHOR_5, 4.1032596, -0.2977088, 0.43136105, -0.8516438
2021,12,30,01,27,17,6520,ANCHOR_8, 4.220478, -0.087532856, -0.3950812, -0.91446644
2021,12,30,01,27,17,6520,ANCHOR_6, 2.6183872, -0.7917664, -0.015217847, -0.6106344
2021,12,30,01,27,17,6520,ANCHOR_7, 5.264955, 0.70371777, 0.50943017, -0.4952396
2021,12,30,01,27,17,6520,ANCHOR_2, nil, nil, nil, nil
2021,12,30,01,27,17,6520,ANCHOR_0, 6.5858407, -0.79761845, -0.2741839, -0.5372411
2021,12,30,01,27,17,6520,ANCHOR_4, nil, nil, nil, nil
2021,12,30,01,27,17,6520,ANCHOR_5, 4.323307, -0.23680441, 0.4244301, -0.8739466
2021,12,30,01,27,17,8520,ANCHOR_8, 4.220478, -0.087532856, -0.3950812, -0.91446644
2021,12,30,01,27,17,8520,ANCHOR_6, 2.061073, -0.7917664, -0.015217847, -0.6106344
2021,12,30,01,27,17,8520,ANCHOR_7, 5.2601585, 0.70371777, 0.50943017, -0.4952396
2021,12,30,01,27,17,8520,ANCHOR_2, nil, nil, nil, nil
2021,12,30,01,27,17,8520,ANCHOR_0, 6.7453303, -0.79761845, -0.2741839, -0.5372411
2021,12,30,01,27,17,8520,ANCHOR_4, nil, nil, nil, nil
2021,12,30,01,27,17,8520,ANCHOR_5, 4.0984626, -0.23680441, 0.4244301, -0.8739466
2021,12,30,01,27,18,0520,ANCHOR_8, 3.550442, -0.087532856, -0.3950812, -0.91446644
2021,12,30,01,27,18,0520,ANCHOR_6, 2.6183872, -0.7917664, -0.015217847, -0.6106344
2021,12,30,01,27,18,0520,ANCHOR_7, 5.9910526, 0.70371777, 0.50943017, -0.4952396
2021,12,30,01,27,18,0520,ANCHOR_2, nil, nil, nil, nil
2021,12,30,01,27,18,0520,ANCHOR_0, 6.8481593, -0.79761845, -0.2741839, -0.5372411
2021,12,30,01,27,18,0520,ANCHOR_4, nil, nil, nil, nil
2021,12,30,01,27,18,0520,ANCHOR_5, 3.433523, -0.23680441, 0.4244301, -0.8739466
2021,12,30,01,27,18,2520,ANCHOR_8, 3.550442, -0.087532856, -0.3950812, -0.91446644
2021,12,30,01,27,18,2520,ANCHOR_6, 1.7375971, -0.5126728, 0.5523535, -0.65732205
2021,12,30,01,27,18,2520,ANCHOR_7, 5.9301944, 0.70371777, 0.50943017, -0.4952396
2021,12,30,01,27,18,2520,ANCHOR_2, nil, nil, nil, nil
2021,12,30,01,27,18,2520,ANCHOR_0, 6.740534, -0.79761845, -0.2741839, -0.5372411
2021,12,30,01,27,18,2520,ANCHOR_4, nil, nil, nil, nil
2021,12,30,01,27,18,2520,ANCHOR_5, 3.5552387, -0.20224044, 0.41405228, -0.88750184
2021,12,30,01,27,18,4510,ANCHOR_8, 3.550442, -0.087532856, -0.3950812, -0.91446644
2021,12,30,01,27,18,4510,ANCHOR_6, 1.5739104, -0.38583285, 0.64190024, -0.66264397
2021,12,30,01,27,18,4510,ANCHOR_7, 5.396264, 0.70371777, 0.50943017, -0.4952396
2021,12,30,01,27,18,4510,ANCHOR_2, nil, nil, nil, nil
2021,12,30,01,27,18,4510,ANCHOR_0, 6.8811364, -0.79761845, -0.2741839, -0.5372411
2021,12,30,01,27,18,4510,ANCHOR_4, nil, nil, nil, nil
2021,12,30,01,27,18,4510,ANCHOR_5, 3.7611961, -0.22913127, 0.35142776, -0.90774304
2021,12,30,01,27,18,6510,ANCHOR_8, 3.550442, -0.087532856, -0.3950812, -0.91446644
2021,12,30,01,27,18,6510,ANCHOR_6, 1.5877008, -0.29500186, 0.79751015, -0.5262617
2021,12,30,01,27,18,6510,ANCHOR_7, 5.283842, 0.70371777, 0.50943017, -0.4952396
2021,12,30,01,27,18,6510,ANCHOR_2, nil, nil, nil, nil
2021,12,30,01,27,18,6510,ANCHOR_0, 6.90452, -0.79761845, -0.2741839, -0.5372411
2021,12,30,01,27,18,6510,ANCHOR_4, nil, nil, nil, nil
2021,12,30,01,27,18,6510,ANCHOR_5, 3.6301868, -0.31481418, 0.36408767, -0.87654555
2021,12,30,01,27,18,8510,ANCHOR_8, 3.550442, -0.087532856, -0.3950812, -0.91446644
2021,12,30,01,27,18,8510,ANCHOR_6, 1.6815358, -0.29500186, 0.79751015, -0.5262617
2021,12,30,01,27,18,8510,ANCHOR_7, 5.3165193, 0.70371777, 0.50943017, -0.4952396
2021,12,30,01,27,18,8510,ANCHOR_2, nil, nil, nil, nil
2021,12,30,01,27,18,8510,ANCHOR_0, 6.9512877, -0.79761845, -0.2741839, -0.5372411
2021,12,30,01,27,18,8510,ANCHOR_4, nil, nil, nil, nil
2021,12,30,01,27,18,8510,ANCHOR_5, 3.97225, -0.31481418, 0.36408767, -0.87654555
2021,12,30,01,27,19,0510,ANCHOR_8, 4.070582, -0.087532856, -0.3950812, -0.91446644
2021,12,30,01,27,19,0510,ANCHOR_6, 1.7471905, -0.29500186, 0.79751015, -0.5262617
2021,12,30,01,27,19,0510,ANCHOR_7, 5.400761, 0.70371777, 0.50943017, -0.4952396
2021,12,30,01,27,19,0510,ANCHOR_2, nil, nil, nil, nil
2021,12,30,01,27,19,0510,ANCHOR_0, 7.0169425, -0.79761845, -0.2741839, -0.5372411
2021,12,30,01,27,19,0510,ANCHOR_4, nil, nil, nil, nil
2021,12,30,01,27,19,0510,ANCHOR_5, 3.1852949, -0.3652641, 0.40177616, -0.8397369
2021,12,30,01,27,19,2510,ANCHOR_8, 3.878415, -0.087532856, -0.3950812, -0.91446644
2021,12,30,01,27,19,2510,ANCHOR_6, 2.5386426, -0.29500186, 0.79751015, -0.5262617
2021,12,30,01,27,19,2510,ANCHOR_7, 5.8879237, 0.70371777, 0.50943017, -0.4952396
2021,12,30,01,27,19,2510,ANCHOR_2, nil, nil, nil, nil
2021,12,30,01,27,19,2510,ANCHOR_0, 7.0685067, -0.79761845, -0.2741839, -0.5372411
2021,12,30,01,27,19,2510,ANCHOR_4, nil, nil, nil, nil
2021,12,30,01,27,19,2510,ANCHOR_5, 3.8691216, -0.3652641, 0.40177616, -0.8397369
2021,12,30,01,27,19,4510,ANCHOR_8, 3.8316474, -0.087532856, -0.3950812, -0.91446644
2021,12,30,01,27,19,4510,ANCHOR_6, 1.948651, -0.29500186, 0.79751015, -0.5262617
2021,12,30,01,27,19,4510,ANCHOR_7, 5.67717, 0.70371777, 0.50943017, -0.4952396
2021,12,30,01,27,19,4510,ANCHOR_2, nil, nil, nil, nil
2021,12,30,01,27,19,4510,ANCHOR_0, 7.101184, -0.79761845, -0.2741839, -0.5372411
2021,12,30,01,27,19,4510,ANCHOR_4, nil, nil, nil, nil
2021,12,30,01,27,19,4510,ANCHOR_5, 4.534361, -0.3652641, 0.40177616, -0.8397369
2021,12,30,01,27,19,6520,ANCHOR_8, 3.4194329, -0.087532856, -0.3950812, -0.91446644
2021,12,30,01,27,19,6520,ANCHOR_6, 2.1360214, -0.29500186, 0.79751015, -0.5262617
2021,12,30,01,27,19,6520,ANCHOR_7, 5.7005534, 0.70371777, 0.50943017, -0.4952396
2021,12,30,01,27,19,6520,ANCHOR_2, nil, nil, nil, nil
2021,12,30,01,27,19,6520,ANCHOR_0, 7.3026443, -0.79761845, -0.2741839, -0.5372411
2021,12,30,01,27,19,6520,ANCHOR_4, nil, nil, nil, nil
2021,12,30,01,27,19,6520,ANCHOR_5, 4.0657854, -0.3652641, 0.40177616, -0.8397369
2021,12,30,01,27,19,8520,ANCHOR_8, 3.8034668, -0.087532856, -0.3950812, -0.91446644
2021,12,30,01,27,19,8520,ANCHOR_6, 1.986125, -0.29500186, 0.79751015, -0.5262617
2021,12,30,01,27,19,8520,ANCHOR_7, 6.0192327, 0.70371777, 0.50943017, -0.4952396
2021,12,30,01,27,19,8520,ANCHOR_2, nil, nil, nil, nil
2021,12,30,01,27,19,8520,ANCHOR_0, 7.386886, -0.79761845, -0.2741839, -0.5372411
2021,12,30,01,27,19,8520,ANCHOR_4, nil, nil, nil, nil
2021,12,30,01,27,19,8520,ANCHOR_5, 4.210885, -0.3652641, 0.40177616, -0.8397369
2021,12,30,01,27,20,0520,ANCHOR_8, 3.878415, -0.087532856, -0.3950812, -0.91446644
2021,12,30,01,27,20,0520,ANCHOR_6, 1.9345608, -0.29500186, 0.79751015, -0.5262617
2021,12,30,01,27,20,0520,ANCHOR_7, 6.131655, 0.70371777, 0.50943017, -0.4952396
2021,12,30,01,27,20,0520,ANCHOR_2, nil, nil, nil, nil
2021,12,30,01,27,20,0520,ANCHOR_0, 7.6072335, -0.79761845, -0.2741839, -0.5372411
2021,12,30,01,27,20,0520,ANCHOR_4, nil, nil, nil, nil
2021,12,30,01,27,20,0520,ANCHOR_5, 4.089169, -0.3652641, 0.40177616, -0.8397369
2021,12,30,01,27,20,2520,ANCHOR_8, 4.534361, -0.087532856, -0.3950812, -0.91446644
2021,12,30,01,27,20,2520,ANCHOR_6, 1.8970866, -0.29500186, 0.79751015, -0.5262617
2021,12,30,01,27,20,2520,ANCHOR_7, 6.421854, 0.70371777, 0.50943017, -0.4952396
2021,12,30,01,27,20,2520,ANCHOR_2, nil, nil, nil, nil
2021,12,30,01,27,20,2520,ANCHOR_0, 7.3026443, -0.79761845, -0.2741839, -0.5372411
2021,12,30,01,27,20,2520,ANCHOR_4, nil, nil, nil, nil
2021,12,30,01,27,20,2520,ANCHOR_5, 4.009724, -0.3652641, 0.40177616, -0.8397369
2021,12,30,01,27,20,4520,ANCHOR_8, 4.5106773, -0.087532856, -0.3950812, -0.91446644
2021,12,30,01,27,20,4520,ANCHOR_6, 1.9765316, -0.29500186, 0.79751015, -0.5262617
2021,12,30,01,27,20,4520,ANCHOR_7, 6.4359446, 0.70371777, 0.50943017, -0.4952396
2021,12,30,01,27,20,4520,ANCHOR_2, nil, nil, nil, nil
2021,12,30,01,27,20,4520,ANCHOR_0, 7.3449154, -0.79761845, -0.2741839, -0.5372411
2021,12,30,01,27,20,4520,ANCHOR_4, nil, nil, nil, nil
2021,12,30,01,27,20,4520,ANCHOR_5, 4.3514876, -0.3652641, 0.40177616, -0.8397369
2021,12,30,01,27,20,6520,ANCHOR_8, 4.337397, -0.087532856, -0.3950812, -0.91446644
2021,12,30,01,27,20,6520,ANCHOR_6, 2.0373895, -0.29500186, 0.79751015, -0.5262617
2021,12,30,01,27,20,6520,ANCHOR_7, 6.3705897, 0.70371777, 0.50943017, -0.4952396
2021,12,30,01,27,20,6520,ANCHOR_2, nil, nil, nil, nil
2021,12,30,01,27,20,6520,ANCHOR_0, 7.23699, -0.79761845, -0.2741839, -0.5372411
2021,12,30,01,27,20,6520,ANCHOR_4, nil, nil, nil, nil
2021,12,30,01,27,20,6520,ANCHOR_5, 3.6020064, -0.3652641, 0.40177616, -0.8397369
2021,12,30,01,27,20,8510,ANCHOR_8, 4.4827967, -0.087532856, -0.3950812, -0.91446644
2021,12,30,01,27,20,8510,ANCHOR_6, 2.0328927, -0.29500186, 0.79751015, -0.5262617
2021,12,30,01,27,20,8510,ANCHOR_7, 6.3142285, 0.70371777, 0.50943017, -0.4952396
2021,12,30,01,27,20,8510,ANCHOR_2, nil, nil, nil, nil
2021,12,30,01,27,20,8510,ANCHOR_0, 7.4432473, -0.79761845, -0.2741839, -0.5372411
2021,12,30,01,27,20,8510,ANCHOR_4, nil, nil, nil, nil
2021,12,30,01,27,20,8510,ANCHOR_5, 4.0283113, -0.3652641, 0.40177616, -0.8397369
2021,12,30,01,27,21,0520,ANCHOR_8, 4.4827967, -0.087532856, -0.3950812, -0.91446644
2021,12,30,01,27,21,0520,ANCHOR_6, 2.0140057, -0.29500186, 0.79751015, -0.5262617
2021,12,30,01,27,21,0520,ANCHOR_7, 6.759121, 0.70371777, 0.50943017, -0.4952396
2021,12,30,01,27,21,0520,ANCHOR_2, nil, nil, nil, nil
2021,12,30,01,27,21,0520,ANCHOR_0, 7.4150667, -0.79761845, -0.2741839, -0.5372411
2021,12,30,01,27,21,0520,ANCHOR_4, nil, nil, nil, nil
2021,12,30,01,27,21,0520,ANCHOR_5, 3.6535707, -0.3652641, 0.40177616, -0.8397369
2021,12,30,01,27,21,2520,ANCHOR_8, 4.4827967, -0.087532856, -0.3950812, -0.91446644
2021,12,30,01,27,21,2520,ANCHOR_6, 2.8807058, -0.29500186, 0.79751015, -0.5262617
2021,12,30,01,27,21,2520,ANCHOR_7, 6.8952265, 0.70371777, 0.50943017, -0.4952396
2021,12,30,01,27,21,2520,ANCHOR_2, nil, nil, nil, nil
2021,12,30,01,27,21,2520,ANCHOR_0, 7.349412, -0.79761845, -0.2741839, -0.5372411
2021,12,30,01,27,21,2520,ANCHOR_4, nil, nil, nil, nil
2021,12,30,01,27,21,2520,ANCHOR_5, 3.6535707, -0.3652641, 0.40177616, -0.8397369
2021,12,30,01,27,21,4520,ANCHOR_8, 4.2345686, 0.49442628, 0.6045155, -0.62458277
2021,12,30,01,27,21,4520,ANCHOR_6, 2.23885, -0.29500186, 0.79751015, -0.5262617
2021,12,30,01,27,21,4520,ANCHOR_7, 6.660789, 0.70371777, 0.50943017, -0.4952396
2021,12,30,01,27,21,4520,ANCHOR_2, nil, nil, nil, nil
2021,12,30,01,27,21,4520,ANCHOR_0, 7.382389, -0.79761845, -0.2741839, -0.5372411
2021,12,30,01,27,21,4520,ANCHOR_4, nil, nil, nil, nil
2021,12,30,01,27,21,4520,ANCHOR_5, 3.6160967, -0.3652641, 0.40177616, -0.8397369
2021,12,30,01,27,21,6520,ANCHOR_8, 4.1596203, 0.5026099, 0.55141383, -0.6658274
2021,12,30,01,27,21,6520,ANCHOR_6, 2.1360214, -0.29500186, 0.79751015, -0.5262617
2021,12,30,01,27,21,6520,ANCHOR_7, 6.5858407, 0.70371777, 0.50943017, -0.4952396
2021,12,30,01,27,21,6520,ANCHOR_2, nil, nil, nil, nil
2021,12,30,01,27,21,6520,ANCHOR_0, 7.232493, -0.79761845, -0.2741839, -0.5372411
2021,12,30,01,27,21,6520,ANCHOR_4, nil, nil, nil, nil
2021,12,30,01,27,21,6520,ANCHOR_5, 3.8034668, -0.3652641, 0.40177616, -0.8397369
2021,12,30,01,27,21,8520,ANCHOR_8, 4.2765393, 0.5253706, 0.5579369, -0.64241123
2021,12,30,01,27,21,8520,ANCHOR_6, 2.1360214, -0.29500186, 0.79751015, -0.5262617
2021,12,30,01,27,21,8520,ANCHOR_7, 6.6092243, 0.70371777, 0.50943017, -0.4952396
2021,12,30,01,27,21,8520,ANCHOR_2, nil, nil, nil, nil
2021,12,30,01,27,21,8520,ANCHOR_0, 7.41027, -0.79761845, -0.2741839, -0.5372411
2021,12,30,01,27,21,8520,ANCHOR_4, nil, nil, nil, nil
2021,12,30,01,27,21,8520,ANCHOR_5, 3.6068032, -0.3652641, 0.40177616, -0.8397369
